,name,id,types,type
0,ETC Grp Dgtl Assts & Blckchn Eq ETF $Acc,1rTKOIN,ETF,ETF
1,Amundi MSCI Semicon ESG Scrnd ETF Acc,1rTCHIP,ETF,ETF
2,M√©lanion BTC Eqs Universe ETF EUR,1rTBTC,ETF,ETF
3,M√©lanion BTC Eqs Universe ETF EUR,1rABTC,ETF,ETF
4,L&G Gold Mining ETF,1rAAUCO,ETF,ETF
5,Amundi Euro Stoxx Banks ETF Acc,1rTBNKE,ETF,ETF
6,Amundi NYSE Arca Gold BUGS ETF USD Dis,1rAGLDU,ETF,ETF
7,Amundi NYSE Arca Gold BUGS ETF USD Dis,1rTGLDM,ETF,ETF
8,Amundi IS MSCI India ETF-C EUR,1rTCI2,ETF,ETF
9,Amundi MSCI India ETF Acc EUR,1rTINR,ETF,ETF
10,Amundi PEA Inde (MSCI India) ETFAcc,1rTPINR,ETF,ETF
11,Amundi MSCI World Info Tech ETF EUR Acc,1rTTNOW,ETF,ETF
12,Invesco S&P 500 QVM ETF,1rTPQVM,ETF,ETF
13,Lyxor STOXX Europe 600 Fin Svc ETF,1rTFIN,ETF,ETF
14,Amundi MSCI World Financials ETF EUR Acc,1rTFINSW,ETF,ETF
15,Amundi PEA US Tech ESG ETF Acc,1rTPANX,ETF,ETF
16,SPDR¬Æ MSCI Europe Financials ETF,1rTSTZ,ETF,ETF
17,HAN-GINS Cloud Tech Equal Wgt ETF Acc,1rTSKYY,ETF,ETF
18,Amundi DJ Global Titans 50 ETF Dist,1rTMGT,ETF,ETF
19,Lyxor STOXX Europe 600 Con & Mtl ETF,1rTCST,ETF,ETF
20,Amundi S&P 500 Clmt Net Zr AmbtPABETFAcc,1rTPABU,ETF,ETF
21,FinEx Physically Gold ETF USD,1rAFXGD,ETF,ETF
22,Amundi S&P 500ClmtNetZrAmbtPABETFEURHAcc,1rTPABH,ETF,ETF
23,Amundi STOXX Europe 600 Ins ETF Acc,1rTINS,ETF,ETF
24,Amundi IS MSCI Nordic ETF-C,1rTCN1,ETF,ETF
25,SPDR¬Æ MSCI Europe Industrials ETF,1rTSTQ,ETF,ETF
26,SPDR¬Æ MSCI Europe Technology ETF,1rTSTK,ETF,ETF
27,Amundi S&P Glb Comm Svcs ESG ETF DR EURAcc,1rTTELW,ETF,ETF
28,Amundi IS MSCI Europe Momt Fctr ETF-C,1rTMCEU,ETF,ETF
29,Amundi FTSE MIB ETF Dist,1rTMIB,ETF,ETF
30,SPDR¬Æ S&P¬Æ US Comm Svcs Sel Sect ETF,1rASXLC,ETF,ETF
31,Lyxor STOXX Europe 600 Media ETF Acc,1rTMDA,ETF,ETF
32,Amundi Nasdaq 100 II ETF Acc,1rTUST,ETF,ETF
33,Amundi S&P 500 ESG ETF Acc EUR,1rAU500,ETF,ETF
34,Amundi S&P 500 ESG ETF Acc EUR,1rTS500,ETF,ETF
35,Amundi S&P 500 ETF D-EUR,1rTSP5,ETF,ETF
36,BNPP E ESG Equity Momentum Europe ETFCap,1rTEMOM,ETF,ETF
37,Amundi IS Nasdaq-100 ETF-C EUR,1rTANX,ETF,ETF
38,Amundi IS S&P 500 ETF C EUR,1rT500,ETF,ETF
39,Amundi S&P 500 II ETF EUR H Dist,1rTSP5H,ETF,ETF
40,Amundi S&P 500 ESG ETF Acc EUR Hedged,1rTS500H,ETF,ETF
41,BNPP Easy S&P 500 ETF EUR C,1rTESE,ETF,ETF
42,SPDR¬Æ S&P 500 ETF,1rTSPY5,ETF,ETF
43,HSBC S&P 500 ETF,1rTHHH,ETF,ETF
44,Amundi PEA S&P 500 ESG ETF Acc,1rTPE500,ETF,ETF
45,Invesco EQQQ NASDAQ-100 ETF,1rTEQQQ,ETF,ETF
46,UBS ETF S&P 500 USD A dis,1rAUBU9,ETF,ETF
47,Amundi PEA S&P 500 UCITS ETF Acc,1rTPSP5,ETF,ETF
48,Amundi PEA Nasdaq-100 UCITS ETF Acc,1rTPUST,ETF,ETF
49,Vanguard FTSE North America UCITS ETF,1rAVNRT,ETF,ETF
50,Lyxor STOXX Eur 600 Idl Gd & Svc ETF,1rTIND,ETF,ETF
51,Amundi IS Nasdaq-100 ETF-C EUR Hdg,1rTNDXH,ETF,ETF
52,BNPP Easy S&P 500 ETF EUR H,1rTESEH,ETF,ETF
53,Amundi PEA S&P 500 UCITS ETF EUR H Acc,1rTPSPH,ETF,ETF
54,Amundi MSCI East Eurp ex Russia ETF Acc,1rTCEC,ETF,ETF
55,HSBC MSCI USA ETF,1rTMUS,ETF,ETF
56,Amundi IS S&P 500 ETF C EUR Hdg,1rT500H,ETF,ETF
57,BNP Paribas Easy S&P 500 ESG ETF EUR Acc,1rTSPEEU,ETF,ETF
58,Amundi IS ITALY MIB ESG ETF DR - EUR C,1rTFMI,ETF,ETF
59,Amundi PEA S&P 500 ESG ETF EUR Hdg Acc,1rTP500H,ETF,ETF
60,Amundi IS JPX-Nikkei 400 ETF-C EUR Hdg,1rTJPHE,ETF,ETF
61,Amundi ETF MSCI Spain,1rTCS1,ETF,ETF
62,HSBC MSCI USA Clmt Paris Aligned ETF USD,1rTHPAU,ETF,ETF
63,Amundi MSCI USAESGClmtNetZrAmbtCTBETFAcc,1rTUSAC,ETF,ETF
64,Amundi MSCI NA ESG ClmtNtZrAmbtCTBETFAcc,1rTNRAM,ETF,ETF
65,Amundi IS MSCI World Ex Europe ETF-C EUR,1rTCE8,ETF,ETF
66,HSBC MSCI World Clmt Paris Algnd ETF USD,1rTHPAW,ETF,ETF
67,Lyxor MSCI EMU Value DR ETF Dist,1rTVAL,ETF,ETF
68,Amundi ETF MSCI World ex EMU,1rTCM9,ETF,ETF
69,OSSIAM MSCI JAPAN NR 1C H EUR,1rTOP5H,ETF,ETF
70,Ossiam Bloomberg USA PAB ETF - 1A EURAcc,1rTOP7E,ETF,ETF
71,Amundi IS FTSE EPRA Europe RE ETF-C,1rTEPRE,ETF,ETF
72,Invesco S&P 500 High Div LowVol ETF,1rTHDLV,ETF,ETF
73,HSBC MSCI World ETF EUR Hedged (Acc),1rTHWOE,ETF,ETF
74,UBS (Irl) ETF plc MSCI World USD A dis,1rAUBU7,ETF,ETF
75,HSBC MSCI World ETF,1rTWRD,ETF,ETF
76,Amundi MSCI World ETF Dist,1rTWLD,ETF,ETF
77,Amundi MSCI World ETF Mnth H EUR Dist,1rTWLDH,ETF,ETF
78,BNPP E FTSE EPRA/NAREIT Dev Eurp ETF QDEUR,1rTEEP,ETF,ETF
79,Amundi PEA Im Eurp FTSE EPRA/NAREIT ETFA,1rTPMEH,ETF,ETF
80,Amundi MSCI World V ETF Acc,1rTLCWD,ETF,ETF
81,Ossiam Bloomberg USA PAB ETF 1A EUR HAcc,1rTOP7H,ETF,ETF
82,WisdomTree US Quality Div Gr ETF USD Acc,1rTDGRA,ETF,ETF
83,Vanguard FTSE Dev World ETF $Dis,1rAVEVE,ETF,ETF
84,Amundi IS MSCI World ETF C EUR,1rTCW8,ETF,ETF
85,Amundi MSCI Dgtl Ecoy ESG Scrn ETF Acc,1rTEBUY,ETF,ETF
86,SPDR¬Æ MSCI World Industrials ETF USD Acc,1rAWIND,ETF,ETF
87,Amundi IS Japan Topix ETF-C EUR Hdg,1rTTPXH,ETF,ETF
88,UBS ETF MSCI ACWI SRI H EUR A-a,1rTAWSR,ETF,ETF
89,UBS ETF MSCI ACWI SRI H EUR A-a,1rAAWSR,ETF,ETF
90,Amundi ETF PEA Japan Topix Daily Hdg EUR,1rTPTPXH,ETF,ETF
91,Amundi Japan Topix II ETF Dly H EUR Dist,1rTJPNH,ETF,ETF
92,SPDR¬Æ MSCI Europe Health Care ETF,1rTSTW,ETF,ETF
93,Amundi PEA MSCI USA ESG Leaders ETF EUR,1rTCU2,ETF,ETF
94,Amundi PEA S&P US Industrials ESG ETFAcc,1rTPDJE,ETF,ETF
95,Invesco FTSE RAFI US 1000 ETF,1rTPFT,ETF,ETF
96,Amundi MSCI All Country World ETF EURAcc,1rTACWI,ETF,ETF
97,SPDR¬Æ MSCI ACWI ETF,1rTACWE,ETF,ETF
98,Amundi IS MSCI USA Min Vol Fac ETF,1rAMIVU,ETF,ETF
99,Amundi IS MSCI USA Min Vol Fac ETF,1rTMIVU,ETF,ETF
100,Amundi STOXX Europe 600 Tech ETF Acc,1rTTNO,ETF,ETF
101,Amundi IS S&P 500 Buyback ETF-C EUR,1rTBYBE,ETF,ETF
102,Lyxor MSCI Wld ESG Ld Ext DR ETF Acc,1rTWESG,ETF,ETF
103,UBS(Lux)FS MSCI World SRI USD Adis,1rAUIMM,ETF,ETF
104,WisdomTree Cybersecurity ETF - USD Acc,1rTWCBR,ETF,ETF
105,BNPP E FTSE EPRA/NAREIT Dev EurpETF QDHEUR,1rTEEEH,ETF,ETF
106,Amundi IS MSCI Europe Hi Div Fctr ETF-C,1rTCD9,ETF,ETF
107,SPDR¬Æ MSCI Europe Communication Svcs ETF,1rTSTT,ETF,ETF
108,Amundi MSCI Water ESG scrnd ETF Dist,1rTWAT,ETF,ETF
109,HSBC USA Sustainable Equity ETF,1rTHSUD,ETF,ETF
110,SPDR¬Æ MSCI ACWI IMI UCITS ETF,1rTIMIE,ETF,ETF
111,Ossiam Bloomberg Canada PAB ETF 1AEURAcc,1rTOP8E,ETF,ETF
112,OSSIAM BLMBRG EURP ex EUROZ PAB NR 1CEUR,1rTOP4E,ETF,ETF
113,Amundi IS MSCI Europe SRI PAB ETF DRC,1rTEUSRI,ETF,ETF
114,HSBC Developed World Sustainable Eq ETF,1rTHSWD,ETF,ETF
115,HSBC MSCI Europe Islamic ESG ETF EUR Acc,1rTHIPS,ETF,ETF
116,Amundi MSCI Europe ex EMU ESG LeadersETF,1rTCU9,ETF,ETF
117,Amundi MSCI UK IMI SRI PAB ETF DR EUR,1rTC1U,ETF,ETF
118,Amundi S&P Glb Indstr ESG ETF DR EUR Acc,1rTINDW,ETF,ETF
119,Amundi DJ Industrial Average ETF Dist,1rTDJE,ETF,ETF
120,UBS(Lux)FS MSCI USA SRI USD Adis,1rAUIMP,ETF,ETF
121,BNPP E ESG Equity Div Eurp ETF Cap,1rTEDEU,ETF,ETF
122,Amundi MSCI Eurp ESG Brd CTB ETF DR EURC,1rAUCEU,ETF,ETF
123,Amundi MSCI Eurp ESG Brd CTB ETF DR EURC,1rTCEU,ETF,ETF
124,Amundi MSCI Eurp ESG Ldrs ETF Acc,1rTESGE,ETF,ETF
125,Invesco Global Buyback Achievers ETF,1rTBUYB,ETF,ETF
126,BNPP E FTSE EPRA/NAREIT Euroz Cpd ETF QD,1rAEEE,ETF,ETF
127,BNPP E FTSE EPRA/NAREIT Euroz Cpd ETF QD,1rTEEE,ETF,ETF
128,Amundi IS EURO STOXX 50 ETF-C EUR,1rTC50,ETF,ETF
129,UBS(Lux)FS EURO STOXX 50 EUR Adis,1rAUIM1,ETF,ETF
130,Amundi Euro Stoxx 50 II ETF Acc,1rTMSE,ETF,ETF
131,HSBC FTSE 100 ETF,1rTUKX,ETF,ETF
132,BNPP Easy Euro Stoxx 50 ETF EUR C,1rTETDD,ETF,ETF
133,HSBC EURO STOXX 50 ETF,1rT50E,ETF,ETF
134,HSBC MSCI Em Mkts Val ESG ETF USD (Acc),1rTHEVS,ETF,ETF
135,Amundi FTSE 100 ETF Acc,1rTL100,ETF,ETF
136,HSBC FTSE 250 ETF,1rTHMCX,ETF,ETF
137,Amundi S&P Euroz PAB Net Zero AmbtETFAcc,1rTEPAB,ETF,ETF
138,Global Balanced Fund UCITS ETF,1rTROE,ETF,ETF
139,Global Balanced Fund UCITS ETF,1rTDIGI,ETF,ETF
140,Ossiam Shiller BarclaysCapeGlbSctVal1CEUR,1rT5OGE,ETF,ETF
141,Amundi PEA Eau (MSCI Water) ETF Capi,1rTAWAT,ETF,ETF
142,Amundi IS MSCI Europe Value Factor ETF-C,1rTCV9,ETF,ETF
143,HSBC MSCI World Value ESG ETF USD (Acc),1rTHWVS,ETF,ETF
144,Invesco FTSE RAFI All World 3000 ETF,1rTPSRW,ETF,ETF
145,HSBC MSCI Europe Clmt Paris Algnd ETFEUR,1rTHPAE,ETF,ETF
146,ETC Group Web 3.0 UCITS ETF,1rTWEB3,ETF,ETF
147,SPDR¬Æ S&P Euro Dividend Aristocrats ETF,1rTEUDV,ETF,ETF
148,Amundi ETF Stoxx Europe 50,1rTC5E,ETF,ETF
149,Amundi Global Hydrogen ESG Screened ETF,1rTANRJ,ETF,ETF
150,Amundi STOXX EUROPE 600 ESG - DR EUR ,1rTC6E,ETF,ETF
151,Invesco EURO STOXX Hi Div Low VolETF,1rTEUHD,ETF,ETF
152,WisdomTree Globl Qual Div Gr ETF USD Acc,1rTGGRA,ETF,ETF
153,Amundi ETF DAX DR,1rTCG1,ETF,ETF
154,Amundi DAX III ETF Acc,1rTDAX,ETF,ETF
155,Amundi Stoxx Europe 600 ETF C,1rTMEUD,ETF,ETF
156,Amundi MSCI Eurp ESG Ldrs ETF EUR H Acc,1rTESGH,ETF,ETF
157,Amundi MSCI World HealthCare ETF EUR Acc,1rTHLTW,ETF,ETF
158,Amundi IS JPX-Nikkei 400 ETF-C EUR,1rTJPNK,ETF,ETF
159,UBS(Lux)FS MSCI Europe EUR Adis,1rAUIMA,ETF,ETF
160,BNPP Easy Stoxx Europe 600 ETF EUR C,1rTETZ,ETF,ETF
161,Invesco FTSE RAFI Europe ETF,1rTPEF,ETF,ETF
162,BNPP E FTSE EPRA Nt Dv ErexUKGnCTBETFCap,1rTGREAL,ETF,ETF
163,Amundi IS MSCI Europe Quality Fctr ETF-C,1rTQCEU,ETF,ETF
164,BNPP E ESG Equity Low Vol Europe ETF C,1rTEVOE,ETF,ETF
165,HSBC MSCI Europe ETF,1rTHEU,ETF,ETF
166,SPDR¬Æ MSCI Europe ETF,1rTERO,ETF,ETF
167,Amundi MSCI EMU SRI PAB - DR ,1rALESE,ETF,ETF
168,Amundi MSCI EMU SRI PAB - DR ,1rTEESG,ETF,ETF
169,Vanguard FTSE Dev Eurp ex UK ETF Dis,1rAVERX,ETF,ETF
170,Ossiam Shiller BclyCp¬ÆUS SectValTR 1CEUR,1rTCAPU,ETF,ETF
171,Amundi ETF PEA MSCI Europe,1rTPCEU,ETF,ETF
172,Amundi Global Qual Inc ETF Dist,1rTSGQI,ETF,ETF
173,Amundi MSCI Europe II ETF Acc,1rTMEU,ETF,ETF
174,UBS(Lux)FS MSCI Canada CAD Adis,1rAUIM9,ETF,ETF
175,SPDR¬Æ MSCI Japan ETF,1rTJPJY,ETF,ETF
176,UBS(Lux)FS MSCI Japan JPY Adis,1rAUIM5,ETF,ETF
177,HSBC MSCI Canada ETF,1rTHCAN,ETF,ETF
178,HSBC MSCI JAPAN ETF,1rTMJP,ETF,ETF
179,AXA IM ACT Biodiversity Eq ETF USD Acc,1rTABIU,ETF,ETF
180,HSBC UK Sustainable Equity ETF,1rTHSUK,ETF,ETF
181,Amundi IS MSCI Eurp ExSwitzESGLdrsETFCDR,1rTCS9,ETF,ETF
182,OSSIAM BLOOMBERG JAPAN PAB NR,1rTOP5E,ETF,ETF
183,BNPP E Low Carbon 100 Europe PAB¬Æ ETF,1rTECN,ETF,ETF
184,AmndiMSCIErpSmCpESGClmtNtZrAmbtCTBETFAcc,1rTCEM,ETF,ETF
185,Amundi BEL 20 ETF Dist,1rTBEL,ETF,ETF
186,Lyxor STOXX Euro 600 Auto & Prt ETF,1rTAUT,ETF,ETF
187,SPDR¬Æ MSCI Europe Small Cap ETF,1rTSMC,ETF,ETF
188,Amundi IS MSCI Europe Growth ETF Acc,1rTCG9,ETF,ETF
189,Amundi IS Japan Topix ETF-C EUR,1rTTPXE,ETF,ETF
190,Lyxor MSCI EMU Growth ETF DR Dist,1rTGWT,ETF,ETF
191,SPDR¬Æ S&P 500 Low Volatility ETF,1rTLOWV,ETF,ETF
192,Amundi ETF PEA Japan Topix EUR,1rTPTPXE,ETF,ETF
193,UBS(Lux)FS MSCI EMU SRI EUR Adis,1rAUIMR,ETF,ETF
194,First Trust Global Equity Income A USD,1rTFGBL,ETF,ETF
195,Lyxor Global Gender Eqlty (DR) ETF C USD,1rTELLE,ETF,ETF
196,AuAg ESG Gold Mining ETF,1rTESGO,ETF,ETF
197,Amundi S&P Euroz DivArstcrts ESG ETF Dis,1rTEUDIV,ETF,ETF
198,Amundi IS Russell 2000 ETF-C EUR,1rTRS2K,ETF,ETF
199,SPDR¬Æ S&P 400 US Mid Cap ETF,1rTSPY4,ETF,ETF
200,Amundi MSCI Rob&AI ESG Scr UCITS ETF Acc,1rTGOAI,ETF,ETF
201,Amundi MSCI Rob&AI ESG Scr UCITS ETF Acc,1rAGOAI,ETF,ETF
202,UBS(Lux)FS MSCI EMU EUR Adis,1rAUIM4,ETF,ETF
203,Amundi Japan Topix II ETF Dist EUR,1rTJPN,ETF,ETF
204,SPDR¬Æ MSCI EMU ETF,1rTEMUE,ETF,ETF
205,SPDR¬Æ Russell 2000 US Small Cap ETF,1rTR2US,ETF,ETF
206,Amundi MSCI EMU ETF Dist,1rTMFE,ETF,ETF
207,HSBC MSCI EM Islamic ESG ETF USD Acc,1rTHIES,ETF,ETF
208,L&G Russell 2000 US Sm Cp Qual ETF $ Acc,1rARTWO,ETF,ETF
209,IndexIQ Factors Sust Eurp Eq ETF C,1rTIQEE,ETF,ETF
210,BNPP E ESG Equity Low Vol US ETF Cap,1rTEVOU,ETF,ETF
211,Amundi IS Global Infrastructure ETF,1rTGINF,ETF,ETF
212,Amundi IS Global Infrastructure ETF,1rAGINF,ETF,ETF
213,BNPP E ESG Equity Value Europe ETF Cap,1rTEVAE,ETF,ETF
214,Invesco FTSE RAFI Emerging Markets ETF,1rTPEH,ETF,ETF
215,First Trust US Equity Opp ETF A Acc,1rTFPXU,ETF,ETF
216,Amundi MSCI Wld SRIClmtNtZrAmbtPABETFEURHA,1rTWESE,ETF,ETF
217,HAN-GINS Tech Megatrend Equal Wgt ETFAcc,1rTITEK,ETF,ETF
218,Lyxor MSCI Mlnl ESG Ftd (DR) ETF Acc,1rTMILL,ETF,ETF
219,Amundi FTSE 100 ETF EUR H Acc,1rT100H,ETF,ETF
220,Lyxor MSCI Smt Cts ESG Ftd (DR) ETF Acc,1rTIQCT,ETF,ETF
221,Ossiam Bg Asa Pfc Ex Jp PAB NR 1CEUR Acc,1rTOP6E,ETF,ETF
222,Amundi IS MSCI Em Asia ETF-C EUR,1rTAASI,ETF,ETF
223,BNPP E ESG Equity Quality Europe ETF Cap,1rTEQUA,ETF,ETF
224,HSBC Asia Pacific Ex Japan Sust Eq ETF,1rTHSXD,ETF,ETF
225,OSSIAM BLOOMBERG EUROZONE PAB NR,1rTOP2E,ETF,ETF
226,Amundi MSCI Greece ETF Dist,1rTGRE,ETF,ETF
227,Amundi MSCI Wld SRIClmtNtZrAmbtPABETFEURA,1rAWSRI,ETF,ETF
228,Amundi MSCI Wld SRIClmtNtZrAmbtPABETFEURA,1rTWSRI,ETF,ETF
229,Amundi IS MSCI Switzerland ETF-C EUR,1rTCSW,ETF,ETF
230,Ossiam STOXX¬Æ Eur 600 ESG EqWgNRETF 1C,1rTS6EW,ETF,ETF
231,HSBC MSCI World Small Cap ESG ETF USDAcc,1rTHWSS,ETF,ETF
232,UBS(Lux)FS MSCI Pacific SRI USD Adis,1rAUIMT,ETF,ETF
233,Amundi Index MSCI Japan SRI PAB ETF DRCH,1rTJPXH,ETF,ETF
234,Amundi MSCI AC AsiaPac Ex Jpn ETF Acc,1rTAEJ,ETF,ETF
235,Amundi PEA AsiePac MSCI ACAP ex Jpn ETFA,1rTPAEJ,ETF,ETF
236,HANetf U.S. Global Jets ETF Acc,1rTJETZ,ETF,ETF
237,AmundiMSCI EMU ClNtZrAmbPAB UCITS ETFAcc,1rTPABZ,ETF,ETF
238,SPDR¬Æ MSCI Europe Materials ETF,1rTSTP,ETF,ETF
239,HSBC MSCI Pacific ex Japan ETF,1rTMXJ,ETF,ETF
240,Amundi PEA MSCI Emerg EMEA ESGLdrsETFAcc,1rTPLEM,ETF,ETF
241,UBS(Lux)FS MSCI Pacific ex Jpn USD Adis,1rAUIMD,ETF,ETF
242,Amundi S&P Glb Matrls ESG ETF DR EUR Acc,1rTMATW,ETF,ETF
243,SPDR¬Æ EURO STOXX Low Volatility ETF,1rTELOW,ETF,ETF
244,HSBC Emerging Market Sustainable Eq ETF,1rTHSEM,ETF,ETF
245,HSBC MSCI AC APACExJpnClmtPrsAlgndETFUSD,1rTHPAJ,ETF,ETF
246,HSBC MSCI World Islamic ESG ETF USD Acc,1rTHIWS,ETF,ETF
247,HSBC Wld ESG Biodiversity Scrn Eq ETF $,1rTHBDS,ETF,ETF
248,IndexIQ Factors Sustainable Emu Eq ETF C,1rTIQMU,ETF,ETF
249,Amundi MSCI AC Asia Ex Japan ETF Acc,1rTAPX,ETF,ETF
250,UBS S&P Div Arist ESG Elite ETF USD A-d,1rAUBUM,ETF,ETF
251,Lyxor MSCI Robotics&AI ESG Filtered ETF,1rTROAI,ETF,ETF
252,SPDR¬Æ MSCI Emerging Markets ETF,1rTEMRG,ETF,ETF
253,Amundi MSCI USA SRI Clmt NtZrAmbtPABETF,1rAUSRI,ETF,ETF
254,Amundi MSCI USA SRI Clmt NtZrAmbtPABETF,1rTUSRI,ETF,ETF
255,AXA IM ACT Climate Equity ETF USD Acc,1rTACLU,ETF,ETF
256,Amundi IS MSCI Emerging Markets ETF-C EUR,1rTAEEM,ETF,ETF
257,LyxorNetZero2050S&PEuropeClmPABDRETF,1rTRPAB,ETF,ETF
258,UBS(Lux)FS MSCI EM USD Adis,1rAUIMI,ETF,ETF
259,Amundi IS MSCI Er Clm Prs Alg Pab ETF DR,1rTPABE,ETF,ETF
260,Amundi MSCI Emerging Markets ETF Acc EUR,1rTLEM,ETF,ETF
261,IndexIQ Factors Sustainable Jpn Eq ETF C,1rTIQJP,ETF,ETF
262,Lyxor iBoxx ¬£ Liq Corp Lng Dtd ETF D GBP,1rTCOUK,ETF,ETF
263,OssiamShillerBarclaysCape¬ÆEuSeVlTR ETF1C,1rTCAPE,ETF,ETF
264,Lyxor Stoxx Europe 600 Hlthcr ETF Acc,1rTHLT,ETF,ETF
265,HSBC MSCI Japan Climate Paris Algnd ETF,1rTHPJP,ETF,ETF
266,Amundi STOXX Europe 600 Utilts ETF Acc,1rTUTI,ETF,ETF
267,HSBC MSCI Emerg Mkts ETF USD Acc,1rTHEMA,ETF,ETF
268,Lyxor MSCI Dsrp Tch ESG Ftd (DR) ETF Acc,1rTUNIC,ETF,ETF
269,SPDR¬Æ MSCI Europe Utilities ETF,1rTSTU,ETF,ETF
270,Amundi MSCI Em ESG Brd CTB ETF DR USDC,1rTCLEM,ETF,ETF
271,Lyxor STOXX Europe 600 Retail ETF,1rTRTA,ETF,ETF
272,Amundi MSCI Turkey ETF Acc,1rTTUR,ETF,ETF
273,UBS(Lux)FS MSCI EM SRI USD Adis,1rAUEF5,ETF,ETF
274,HSBC MSCI EM Clmt Paris Aligned ETF USD,1rTHPEM,ETF,ETF
275,Amundi ETF MSCI EMU High Dividend,1rTCD8,ETF,ETF
276,WisdomTree Art Intelligence ETF USD Acc,1rTWTAI,ETF,ETF
277,BNPP E JPM ESG EMBI Gl Dvr Cmps ETF HEUR,1rTEMBH,ETF,ETF
278,Invesco FTSE Em Mkts Hi Div Low Vol ETF,1rTEMHD,ETF,ETF
279,HSBC MSCI USA Islamic ESG ETF USD (Acc),1rTHIUS,ETF,ETF
280,Amundi IS Global EmBdMrkt IBOXX DR ETF-C,1rTAGEB,ETF,ETF
281,Lyxor MSCI Eurp ESG ClmtTr CTB(DR)ETFAcc,1rTCLEU,ETF,ETF
282,SPDR¬Æ Blmbrg EUR HY Bd ETF,1rTJNKE,ETF,ETF
283,Lyxor NetZero2050S&PWldClmPABDRETF,1rTGPAB,ETF,ETF
284,EMQQ Emerging Markets Internet ETFAcc,1rTEMQQ,ETF,ETF
285,Amundi Euro HY Bd ESG - DR EUR ,1rTAHYE,ETF,ETF
286,Lyxor MSCI EM Latin America ETF Acc,1rTLTM,ETF,ETF
287,Lyxor EuroMTS 10Y ITA BTP GovBdDRETFAcc,1rTMI10,ETF,ETF
288,Amundi UK Govt Bd ETF Dist,1rTGILS,ETF,ETF
289,Lyxor Stoxx Europe 600 Banks ETF Acc,1rTBNK,ETF,ETF
290,Amundi IS CAC 40 ESG DR ETF-C,1rTC40,ETF,ETF
291,Invesco US High Yield Faln Angl ETF,1rTHYFA,ETF,ETF
292,Amundi PEA MSCI EM ESG Ldrs ETF EUR C/D,1rTPAEEM,ETF,ETF
293,Amundi S&P Glb Cnsmr Stp ESG ETF DR EURAcc,1rTCOSW,ETF,ETF
294,WisdomTree Eurozone QualDivGr ETF EUR Ac,1rTEGRA,ETF,ETF
295,UBS(Lux)FS MSCI EMU Small Cap EUR Adis,1rAUEFD,ETF,ETF
296,Lyxor ESG USD Hi Yld(DR) ETF D$,1rTUSHY,ETF,ETF
297,Amundi EUR Fl Rt Corp Bd ESG ETF DR GBP HC,1rTAFRHG,ETF,ETF
298,BNP Paribas Easy CAC 40¬Æ ESG ETF,1rTE40,ETF,ETF
299,Amundi S&P Glb Cnsmr Disc ESG ETF DREURAcc,1rTCODW,ETF,ETF
300,AXA IM Euro Credit PAB ETF EUR Acc,1rTAIPE,ETF,ETF
301,HSBC MSCI Em Mkts Sm Cp ESG ETF USD Acc,1rTHESS,ETF,ETF
302,Amundi CAC 40 ETF Dist,1rTCAC,ETF,ETF
303,BNPP Easy EUR Corp Bond SRI PAB ETF,1rTSRIC,ETF,ETF
304,SPDR¬Æ Blmbrg EUR Corp Bd ETF,1rTEUCO,ETF,ETF
305,Amundi Corporate Green Bd ETF Acc,1rTPLAN,ETF,ETF
306,Amundi MSCI Smrt CtsESG ScrnUCITS ETFAcc,1rASCITY,ETF,ETF
307,Amundi MSCI Smrt CtsESG ScrnUCITS ETFAcc,1rTSCITY,ETF,ETF
308,Lyxor ESG Euro High Yield (DR) ETF,1rTYIEL,ETF,ETF
309,BNPP E MSCI Em SRI SSrPAB5%Cpd ETF Cap,1rTEMSR,ETF,ETF
310,IndexIQ Factors Sust Corp EUR Bd ETF D,1rTIQEC,ETF,ETF
311,Amundi EUR Corp Bd PAB NetZeroAmbtETFAcc,1rTCRP,ETF,ETF
312,Amundi ETF MSCI France,1rTCF1,ETF,ETF
313,UBS(Lux)FS Blmbg US LiqCorp USD Adis,1rAUEF9,ETF,ETF
314,UBS ETF BBG EA LiqCorp 1-5Yr EUR A-d,1rAUEF6,ETF,ETF
315,Amundi PEA MSCI Emerg Asia ESG Lead ETF,1rTPAASI,ETF,ETF
316,UBS(Lux)FS Blmbg US LiqCorpEURH Aacc,1rAUEF0,ETF,ETF
317,SPDR¬Æ MSCI Europe Energy ETF,1rTSTN,ETF,ETF
318,Amundi Euro Govt Bd 10-15Y ETF Acc,1rTMTE,ETF,ETF
319,Amundi Glb Aggt Green Bd ETF Acc,1rTCLIM,ETF,ETF
320,Amundi IS Gvt Bd Lwst Rtd Er InvGr ETF-C,1rTX1G,ETF,ETF
321,Amundi Euro Corp Bd ExFcl ESG ETF Acc,1rTCNB,ETF,ETF
322,Lyxor iBoxx EUR Liq Hi Yld BB ETF C EUR,1rTHYBB,ETF,ETF
323,IndexIQ Factors Sust Sov EUR Bd ETF D,1rTIQEG,ETF,ETF
324,Amundi Euro Govt Bd 15+Y ETF Acc,1rTMTF,ETF,ETF
325,BNPP E EUR Aggt Bd SRI Fssl Free ETF Cap,1rTBSRIC,ETF,ETF
326,BNPP E EUR Aggt Bd SRI Fssl Free ETF Dist,1rTBSRID,ETF,ETF
327,SPDR¬Æ Blmbrg EUR Aggt Bd ETF,1rTEAGG,ETF,ETF
328,Amundi Euro Govt Bd 7-10Y ETF Acc,1rTMTD,ETF,ETF
329,Amundi IS Euro AGG SRI ETF DR,1rTEGRI,ETF,ETF
330,SPDR¬Æ Blmbrg 0-3 Yr EUR Corp Bd ETF,1rTSEUC,ETF,ETF
331,Amundi Euro Corporate SRI 0-3Y - DR ,1rTECRP3,ETF,ETF
332,L&G Ecommerce Logistics ETF,1rAECOM,ETF,ETF
333,The Travel UCITS ETF,1rTTRYP,ETF,ETF
334,Amundi Euro Govt Bd 5-7Y ETF Acc,1rTMTC,ETF,ETF
335,AMUNDIEuro GovtTLTD GRN Bd UCITS ETFAcc,1rTCB3,ETF,ETF
336,Amundi Euro Government Green Bd ETF Acc,1rTERTH,ETF,ETF
337,Amundi IS FltngRt$CorpESG ETF DR H EUR C,1rTAFLE,ETF,ETF
338,Amundi UK Govt Infl Lnkd Bd ETF Dist,1rTGILI,ETF,ETF
339,Amundi IS-Amundi Glb Agg Bd ETF DRH$,1rTGAHU,ETF,ETF
340,Amundi IS Smart Factory ETF-D EUR,1rTSFTRY,ETF,ETF
341,Amundi IS Smart Factory ETF-D EUR,1rASMAFY,ETF,ETF
342,Amundi MSCI Korea ETF Acc,1rTKRW,ETF,ETF
343,Amundi US Treasury 3-7Y ETF Dist,1rTUS37,ETF,ETF
344,Amundi EUR Fl Rt Corp Bd ESG - DR ,1rTAFRN,ETF,ETF
345,Amundi MSCI EMs SRI PAB - DR ,1rTEMSRI,ETF,ETF
346,Amundi Fltng Rt USD Corp ESG - DR USD,1rTAFLT,ETF,ETF
347,Amundi PEA Oblig d'√âtat Euro ETF Acc,1rTOBLI,ETF,ETF
348,Amundi Euro Govt Bd 3-5Y ETF Acc,1rTMTB,ETF,ETF
349,Lyxor Smart Overnight Return ETF C EUR,1rTCSH2,ETF,ETF
350,Amundi IS Gvt Bd Lw Rtd ErInvGr1-3 ETF-C,1rTX13G,ETF,ETF
351,UBS ETF BBG US 7-10Yr T-bonds USD A-d,1rAUEFI,ETF,ETF
352,Lyxor EuroMTS 1-3Y ITA BTP GovBdDRETFDis,1rTMI13,ETF,ETF
353,Amundi Euro Overnight Return ETF Acc,1rTCSH,ETF,ETF
354,Amundi Glbl Em Bd Mkt iBoxx ETF Dis,1rTLEMB,ETF,ETF
355,SPDR¬Æ Blmbrg US Trs Bd ETF,1rTTSYE,ETF,ETF
356,UBS(Lux)FS Blmbrg Euro LiqCorpEURAdis,1rAUEFR,ETF,ETF
357,Amundi Euro HR McWtdGBETFAcc,1rTMAA,ETF,ETF
358,UBS ETF BBG US 1-3Yr T-bonds USD A-d,1rAUEFF,ETF,ETF
359,Amundi IS Govt Bd Hgh Rtd Er Inv GrETFEURC,1rTAM3A,ETF,ETF
360,BNPP E JPM ESG EMU Govt Bd IG1-3Y ETFCap,1rTGEU3C,ETF,ETF
361,BNPP E JPM ESG EMU Govt Bd IG1-3YETFDist,1rTGEU3D,ETF,ETF
362,Invesco EuroMTS Cash 3 Months ETF,1rTPEU,ETF,ETF
363,SPDR¬Æ Blmbrg 1-3 Yr EUR Govt BdETF,1rTGOVS,ETF,ETF
364,Amundi Euro Govt Bd II ETF Acc,1rTMTX,ETF,ETF
365,SPDR¬Æ MSCI Europe Consumer Discret ETF,1rTSTR,ETF,ETF
366,SPDR¬Æ Blmbrg EM Lcl Bd ETF Dis,1rTEMLD,ETF,ETF
367,Amundi ETF Gov 0-6M Euro InvGrd DR EUR,1rTC3M,ETF,ETF
368,Amundi Euro Govt Bd 1-3Y ETF Acc,1rTMTA,ETF,ETF
369,Amundi S&P Glb Ey Carb Reduced ETFDREURAcc,1rTNRGW,ETF,ETF
370,Amundi ErHgRtdMacrWtGtBd3-5YDrETF Acc,1rTMA35,ETF,ETF
371,HSBC Blmbrg Gbl Sst Aggt 1-3 Y BdETF$Acc,1rTHAGG,ETF,ETF
372,Amundi MSCI EMU SCESGCTBNetZrAmbtETFDist,1rTMMS,ETF,ETF
373,Lyxor MSCI USA ESG CliTran CTB ETF Acc,1rTCLUS,ETF,ETF
374,Amundi US Treasury 7-10Y ETF HKD H Acc,1rTU710H,ETF,ETF
375,Amundi ErHgRtdMacrWtGtBd1-3YDrETF Acc,1rTMA13,ETF,ETF
376,Amundi US Treasury 1-3Y ETF HKD H Acc,1rTU13HK,ETF,ETF
377,Amundi US$ Infl Expct 10Y ETF Acc,1rTINFU,ETF,ETF
378,Lyxor STOXX Eur 600 Pnl & Hhd Gd ETF,1rTPHG,ETF,ETF
379,Amundi US Curve Stpng 2-10 ETF Acc,1rTSTPU,ETF,ETF
380,Amundi US Treasury Bond Lng DtdETF$HDist,1rTU10HK,ETF,ETF
381,Amundi Stoxx Europe Sel Div 30 ETF Dist,1rTSEL,ETF,ETF
382,Amundi $ Corp Bd PAB Net ZrAmbtETFEURHDist,1rTUSIH,ETF,ETF
383,Amundi MSCI Brazil ETF Acc,1rTRIO,ETF,ETF
384,Amundi Euro Govt Infl-Lnkd Bd ETF Acc,1rTMTI,ETF,ETF
385,SPDR¬Æ MSCI Europe Consumer Staples ETF,1rTSTS,ETF,ETF
386,Amundi ETF MSCI Brazil ETF,1rTBRZ,ETF,ETF
387,Harbor Health Care UCITS ETF Acc,1rTWELL,ETF,ETF
388,Lyxor Euro Govt Bd 25+Y (DR) UCITSETFAcc,1rTMTH,ETF,ETF
389,L&G Pharma Breakthrough ETF,1rABIOT,ETF,ETF
390,Amundi EUR Infl Expct 2-10Y ETF Acc,1rTINFL,ETF,ETF
391,Amundi CAC Mid 60 (DR) ETF Dist,1rTCACM,ETF,ETF
392,BNP Paribas Easy Sust US ETF EUR Cap,1rTAUSSE,ETF,ETF
393,EUR Corp BdSRIFsslFrUltrshrtDurETFEURC,1rTSRIUC,ETF,ETF
394,BNPP E Sust EUR Corp Bd Dec 2027 ETF Cap,1rTACE27,ETF,ETF
395,BNPP E Sust EUR Corp Bd Dec 2029 ETF Cap,1rTACE29,ETF,ETF
396,iShares iBonds Dec 2029Term$CorpETF$Dist,1rT29ID,ETF,ETF
397,iShares iBonds Dec 2029Term$CorpETF$Dist,1rA29ID,ETF,ETF
398,iShares iBonds Dec 27 Trm $ Trs ETF $Dis,1rT27IT,ETF,ETF
399,iShares iBonds Dec 27 Trm $ Trs ETF $Dis,1rA27IT,ETF,ETF
400,AXA IM US High Yield Opps ETF USD Acc,1rTAHYU,ETF,ETF
401,AXA IM USD Credit PAB ETF USD Acc,1rTAIPU,ETF,ETF
402,BNP Paribas Easy EURCrpBdSRIFsslFr7-10YETF,1rTSRIC7,ETF,ETF
403,BNPP E Sst EUR Corp Bd Dec 2032 ETF C,1rTACE32,ETF,ETF
404,EUR Corp Bd SRI Fssl Fr 7-10Y ETF EUR Dis,1rTSRID7,ETF,ETF
405,iShares iBonds Dec 2030Term$CorpETF$Dist,1rT30ID,ETF,ETF
406,iShares iBonds Dec 2030Term$CorpETF$Dist,1rA30ID,ETF,ETF
407,iShares iBonds Dec 29 Trm $ Trs ETF $Dis,1rT29IT,ETF,ETF
408,iShares iBonds Dec 29 Trm $ Trs ETF $Dis,1rA29IT,ETF,ETF
409,Amundi MSCI EMU ESG CTB Nt Zr AmbtETFAcc,1rTMFED,ETF,ETF
410,Amundi MSCI Wld Clmt Nt Zr Ambt PAB ETF,1rTPABW,ETF,ETF
411,Amundi MSCI Wld ESG Clmt Nt ZrAmbtCTBETF,1rTLWCR,ETF,ETF
412,Amundi MSCI World ETF DR USD Acc,1rTMWRD,ETF,ETF
413,Amundi MSCI World ETF DR USD Acc,1rAWRDU,ETF,ETF
414,AMUNDI PEA S&P US Cons Stp ESG UCITS ETF,1rTCOSE,ETF,ETF
415,Amundi STOXX Eurp 600 Cnsmr Stp ETF Acc,1rTFOO,ETF,ETF
416,BNP Paribas EASY ECPI GlbESGInfrasETFUSD,1rTENGUS,ETF,ETF
417,BNPP E MSCI ACWI SRI S-Sr 5% Cpd ETF EUR C,1rTPAACE,ETF,ETF
418,BNPPEasyMSCIWldESGFilteredMinTEETFEURCap,1rTWEMT2,ETF,ETF
419,BNPPEasyMSCIWldESGFilteredMinTEETFHEURCp,1rTWEMTH,ETF,ETF
420,HSBC MSCI Japan Islamic ESG ETF USD Acc,1rTHIJS,ETF,ETF
421,iShares MSCI World Swap ETF USD Acc,1rAIWDS,ETF,ETF
422,iShares MSCI World Swap ETF USD Acc,1rTIWDS,ETF,ETF
423,Amundi MSCI USA ESG Leaders ETF Acc,1rTSADU,ETF,ETF
424,AMUNDI PEA MSCI USA Value ESG UCITS ETF,1rTUSVE,ETF,ETF
425,Amundi STOXX Eurp 600 Bsc Mtrls ETF Acc,1rTCHM,ETF,ETF
426,BNP Paribas Easy S&P 500 ESG ETF H EUR Acc,1rTSPEUH,ETF,ETF
427,iShares Global Arspc & Dfnc ETF USD Acc,1rADFND,ETF,ETF
428,iShares Global Arspc & Dfnc ETF USD Acc,1rTDFND,ETF,ETF
429,Lyxor MSCI Ftr Mby ESG Ftd (DR) ETF Acc,1rTELCR,ETF,ETF
430,Amundi MSCI Indonesia ETF Acc,1rTINDO,ETF,ETF
431,Amundi IS MSCI Em Latin America ETF-C EUR,1rTALAT,ETF,ETF
432,Amundi Glbl BioEngyESGScrnUCITSETFEURAcc,1rTCWE,ETF,ETF
433,WisdomTree Cloud Computing ETF - USD Acc,1rTWCLD,ETF,ETF
434,Lyxor STOXX Europe 600 Travel & Lsr ETF,1rTTRV,ETF,ETF
435,Amundi BlmbrgEqualweightCmdexAgrETFAcc,1rTCOMO,ETF,ETF
436,BNPP E Energy & Metals EnhRoll ETF USD C,1rTGSCU,ETF,ETF
437,Amundi FTSE Epr/Nrt Glbl Dev ETF Dist,1rTMWO,ETF,ETF
438,Amundi STOXX Eurp 600 Ey ESG Scrn - Acc,1rTENRG,ETF,ETF
439,Lyxor Stoxx Europe 600 Tel ETF Acc,1rTTELE,ETF,ETF
440,L&G Longer Dated All Commodities ETF,1rACOMF,ETF,ETF
441,HSBC MSCI China ETF,1rTCNY,ETF,ETF
442,Amundi IS S&P Global Luxury ETF-C EUR,1rTGLUX,ETF,ETF
443,FMQQ Nxt Frntr Intrnt &EcommESG-SETF$Acc,1rTFMQQ,ETF,ETF
444,Amundi PEA MSCI Em LA ESG Ldrs ETF EUR C/D,1rTPALAT,ETF,ETF
445,Guinness Sustainable Energy UCITS ETF,1rTCLMA,ETF,ETF
446,HSBC MSCI CHINA A ETF USD (Acc),1rTHCAS,ETF,ETF
447,Amundi MSCI China A ETF Acc,1rTCNAA,ETF,ETF
448,Procure Space ETF,1rTYODA,ETF,ETF
449,Amundi MSCI Chn ESG Ldrs Extr ETF Acc,1rTASI,ETF,ETF
450,L&G Battery Value-Chain ETF,1rABATT,ETF,ETF
451,Amundi MSCI New Enrg ESG scrnd ETF Dist,1rTNRJ,ETF,ETF
452,L&GE Fund MSCI China A ETF,1rTCASH,ETF,ETF
453,L&GE Fund MSCI China A ETF,1rACASH,ETF,ETF
454,Amundi MSCI China ESG Ldrs Slt ETF DR C,1rTCNEG,ETF,ETF
455,Lyxor Stoxx Europe 600 Basic Res ETF Acc,1rTBRES,ETF,ETF
456,Amundi PEA MSCI China ESG Ldrs ETF Acc,1rTPASI,ETF,ETF
457,HSBC Hang Seng Tech ETF,1rTHSTE,ETF,ETF
458,WisdomTree Battery Solutions ETF USD Acc,1rTVOLT,ETF,ETF
459,MSCI Chn Tech ESG Scrn UCITS ETF EUR Acc,1rTCC1,ETF,ETF
460,HANetf S&P Glb Cln Engy Slct HANzero ETF,1rTZERO,ETF,ETF
461,Solar Energy ETF,1rTTANN,ETF,ETF
462,Lyxor STOXX Europe 600 Real Est ETF Dist,1rTMEH,ETF,ETF
463,Lyxor S&P 500 VIX Futs EnhRoll ETF C EUR,1rALVO,ETF,ETF
0,iShares EURO STOXX Banks 30-15ETF DE acc,1rAEXA1,ETF,ETF
1,iShares MSCI India ETF USD Acc,1rANDIA,ETF,ETF
2,iShares MSCI Global Semicondctrs ETF$Acc,1rTSEME,ETF,ETF
3,iShares MSCI Taiwan ETF USD Dist,1rAITWN,ETF,ETF
4,iShares Dgtl Entrtnmnt & Edu ETF USD Acc,1rTDGGE,ETF,ETF
5,iShares Listed Private Eq ETF USD Dist,1rAIPRV,ETF,ETF
6,iShares Gold Producers ETF USD Acc,1rAISOE,ETF,ETF
7,iShares AEX ETF EUR Acc,1rAIAEA,ETF,ETF
8,iShares AEX ETF EUR Dist,1rAIAEX,ETF,ETF
9,iShares MSCI USA Swap ETF USD Acc,1rTMUSA,ETF,ETF
10,iShares Core S&P 500 ETF USD Acc,1rACSPX,ETF,ETF
11,iShares Core S&P 500 ETF USD Dist,1rAIUSA,ETF,ETF
12,iShares MSCI USA ETF USD Acc,1rACSUS,ETF,ETF
13,iShares NASDAQ 100 ETF USD Acc,1rACNDX,ETF,ETF
14,iShares European Prpty Yld ETF EUR Dist,1rAIPRP,ETF,ETF
15,iShares S&P 500 EUR Hedged ETF Acc,1rAIUES,ETF,ETF
16,iShares MSCI North America ETF USD Dist,1rAINAA,ETF,ETF
17,iShares MSCI Japan EUR Hedged ETF Acc,1rAIJPE,ETF,ETF
18,iShares MSCI Japan SRI EURH ETF Acc,1rAQDVN,ETF,ETF
19,iShares Core MSCI World ETF USD Acc,1rAIWDA,ETF,ETF
20,iShares Core MSCI Japan IMI ETF EURH Acc,1rASJPE,ETF,ETF
21,iShares MSCI World EUR Hedged ETF Acc,1rAIWDE,ETF,ETF
22,iShares MSCI World ETF USD Dist,1rAIWRD,ETF,ETF
23,iShares MSCI ACWI ETF USD Acc,1rASSAC,ETF,ETF
24,iShares Digitalisation ETF USD Acc,1rADGTL,ETF,ETF
25,iShares MSCI EM ex China ETF USD Acc,1rTMTPI,ETF,ETF
26,iShares STOXX Europe 600 Tech (DE) acc,1rASTEC,ETF,ETF
27,iShares MSCI Eurp Paris-AlgndClmtETFEURDis,1rAEPAD,ETF,ETF
28,iShares MSCI Eurp Paris-AlgndClmtETFEURAcc,1rAEUPB,ETF,ETF
29,iShares Dow Jones Glb Sust Scrn ETF $Acc,1rAIGSG,ETF,ETF
30,iShares MSCI Europe SRI ETF EUR Dist,1rAISED,ETF,ETF
31,iShares MSCI Europe SRI ETF EUR Acc,1rAIESE,ETF,ETF
32,iShares Core EURO STOXX 50 ETF EUR Acc,1rACSX5,ETF,ETF
33,iShares Core EURO STOXX 50 ETF EUR Dist,1rAEUEA,ETF,ETF
34,iShares Core FTSE 100 ETF GBP Acc,1rAISFE,ETF,ETF
35,iShares Core FTSE 100 ETF GBP Dist,1rAISFA,ETF,ETF
36,iShares US Property Yield ETF USD Dist,1rAIUSP,ETF,ETF
37,iShares Core DAX¬Æ ETF (DE) Acc,1rAEXS1,ETF,ETF
38,iShares STOXX Europe 50 ETF EUR Dist,1rAEUNA,ETF,ETF
39,iShares Cor MSCI Eurp UCITS ETF EUR Dist,1rAIMEU,ETF,ETF
40,iShares Core MSCI Europe ETF EUR Acc,1rAIMAE,ETF,ETF
41,iShares Digital Security ETF USD Acc,1rALOCK,ETF,ETF
42,iShares Euro Total Mkt Gr Lg ETF EUR Dist,1rAIDJG,ETF,ETF
43,iShares Global Water ETF USD Acc,1rAH2OA,ETF,ETF
44,iShares Refinitiv Inclusion & Divst ETF,1rAOPEN,ETF,ETF
45,iShares Asia Pacific Div ETF USD Dist,1rAIAPD,ETF,ETF
46,iShares S&P 500 Health Care SectETFEURHDis,1rAIUHE,ETF,ETF
47,iShares MSCI Japan ETF USD Acc,1rACSJP,ETF,ETF
48,iShares MSCI Japan ETF USD Dist,1rAIJPN,ETF,ETF
49,iShares MSCI Canada ETF USD Acc,1rACSCA,ETF,ETF
50,iShares MSCI Europe ex-UK ETF EUR Dist,1rAIEUX,ETF,ETF
51,iShares Global Infras ETF USD Dist,1rAINFR,ETF,ETF
52,iShares MSCI EMU SRI ETF EUR Inc,1rASMDU,ETF,ETF
53,iShares MSCI EMU SRI ETF EUR Acc,1rASMUA,ETF,ETF
54,iShares Smart City Infra ETF USD Acc,1rTCITY,ETF,ETF
55,iShares MSCI EMU Paris-Algnd ClmtETFEURAcc,1rAEMPA,ETF,ETF
56,iShares MSCI EMU Paris-Algnd ClmtETFEURDis,1rAMPAB,ETF,ETF
57,iShares Core MSCI Japan IMI ETF USD Acc,1rAIJPA,ETF,ETF
58,iShares Ageing Population ETF USD Acc,1rAAGED,ETF,ETF
59,iShares Core MSCI EMU UCITS ETF EUR Acc,1rACEMU,ETF,ETF
60,iShares MSCI World SRI ETF EUR Acc,1rASUSW,ETF,ETF
61,iShares Dev Mkts Prpty Yld ETF USD Dist,1rAIWDP,ETF,ETF
62,iShares MSCI Japan SRI ETF,1rASUJP,ETF,ETF
63,iShares MSCI USA SRI ETF USD Acc,1rASUAU,ETF,ETF
64,iShares MSCI Wld Hlth Cr Sect ESGETF$Acc,1rAWHCA,ETF,ETF
65,iShares Euro Dividend ETF EUR Dist,1rAIDVY,ETF,ETF
66,iShares EURO STOXX Select Div 30 DE acc,1rAIDVA,ETF,ETF
67,iShares Core MSCI Pac ex-Jpn ETF USD Acc,1rACPXJ,ETF,ETF
68,iShares Automation&Robotics ETF USD Acc,1rARBOE,ETF,ETF
69,iShares Core MSCI EM IMI ETF USD Acc,1rAEMIM,ETF,ETF
70,iShares MSCI EM ETF USD Acc,1rAIEMA,ETF,ETF
71,iShares MSCI EM ETF USD Dist,1rAIEMM,ETF,ETF
72,iShares EUR HY Corp Bd ESG ETF EUR Acc,1rAEHYA,ETF,ETF
73,iShares EUR HY Corp Bd ESG ETF EUR Dist,1rAEHYD,ETF,ETF
74,iShares $ HY Corp Bd ESG ETF USD Acc,1rADHYE,ETF,ETF
75,iShares JP Morgan ESG $ EM Bd ETF USDAcc,1rAEMSA,ETF,ETF
76,iShares EURO STOXX Mid ETF EUR Dist,1rADJMC,ETF,ETF
77,iShares MSCI Turkey ETF USD Dist,1rAITKY,ETF,ETF
78,iShares Glbl Timber & Forestry ETF $ Acc,1rAWOOE,ETF,ETF
79,iShares Healthcare Innov ETF USD Acc,1rAHEAL,ETF,ETF
80,iShares MSCI AC Far East exJpn ETF $ Dis,1rAIFFF,ETF,ETF
81,iShares China CNY Bond ETF EUR Hdg Acc,1rACYBE,ETF,ETF
82,iShares $ Corp Bond ETF USD Dist,1rALQDA,ETF,ETF
83,iShares Core EUR Corp Bond ETF EUR Dist,1rAIEAC,ETF,ETF
84,iShares MSCI France ETF EUR Acc,1rAIFRE,ETF,ETF
85,iShares MSCI EM SRI ETF USD Acc,1rASUSM,ETF,ETF
86,iShares $ Short Dur HY CorpBd ETF $ Dist,1rASDHY,ETF,ETF
87,iShares EUR CorpBd IntrRtHdgESGETFEURDist,1rAIRCP,ETF,ETF
88,iShares $ Corp Bond Intr Rt H ETF $ Dist,1rALQDH,ETF,ETF
89,iShares EUR Corp Bond Lg Cp ETF EUR Dist,1rAIBCX,ETF,ETF
90,iShares China CNY Bond ETF USD Acc,1rTCYEA,ETF,ETF
91,iShares iBonds Dec 2028Trm$CorpETFUSDAcc,1rT28ID,ETF,ETF
92,iShares EUR Govt Bond 10-15yr ETF EUR Dist,1rAIEGZ,ETF,ETF
93,iShares EUR Govt Bond 15-30yr ETF EUR Dist,1rAIBGL,ETF,ETF
94,iShares EUR Aggt Bond ESG ETF EUR Dist,1rAIEAG,ETF,ETF
95,iShares Core Global Aggt Bd ETF EUR HAcc,1rAAGGH,ETF,ETF
96,iShares EUR Covered Bond ETF EUR Dist,1rAICOV,ETF,ETF
97,iShares EUR Govt Bond 7-10yr ETF EUR Dist,1rAIBGM,ETF,ETF
98,iShares $ Short Dur Corp Bd ETF USD Dist,1rASDIG,ETF,ETF
99,iShares EUR CorpBd exFncl 1-5y ESGETFEURAcc,1rAIX5A,ETF,ETF
100,iShares US Mortg Backed Secs ETF EURHAcc,1rAIMBE,ETF,ETF
101,iShares EUR Govt Bond 5-7yr ETF EUR Dist,1rAIEGY,ETF,ETF
102,iShares Core EUR Govt Bond ETF EUR Dist,1rAIEGA,ETF,ETF
103,iShares iBonds Dec 2026Trm$CorpETFUSDAcc,1rT26ID,ETF,ETF
104,iShares EUR Govt Bond 3-7yr ETF EUR Acc,1rACBE7,ETF,ETF
105,iShares $ Treasury Bd 3-7y ETF USD Acc,1rACBU7,ETF,ETF
106,iShares Asia Property Yield ETF USD Dist,1rAIASP,ETF,ETF
107,iShares STOXX Europe 600 Auto&P (DE) acc,1rASAOT,ETF,ETF
108,iShares MSCI Korea ETF USD Dist,1rAIKRA,ETF,ETF
109,iShares EUR Ultrashort Bond ETF EUR Dist,1rAERNE,ETF,ETF
110,iShares EUR Govt Bond 3-5yr ETF EUR Dist,1rAIBGX,ETF,ETF
111,iShares EURO STOXX Small ETF EUR Dist,1rADJSC,ETF,ETF
112,iShares $ Treasury Bd 7-10yr ETFUSD Dist,1rABTMA,ETF,ETF
113,iShares $ TIPS ETF USD Acc,1rATPSA,ETF,ETF
114,iShares $ Ultrashort Bond ETF USD Dist,1rAERND,ETF,ETF
115,iShares $ Treasury Bd 1-3y ETF USD Dist,1rAIBTS,ETF,ETF
116,iShares EUR Govt Bond 1-3yr ETF EUR Dist,1rAIBGS,ETF,ETF
117,iShares Global Govt Bond ETF EUR H Dist,1rAIGLE,ETF,ETF
118,iShares EUR Govt Bond 0-1yr ETF EUR Dist,1rAIEGE,ETF,ETF
119,iShares France Govt Bond ETF EUR Dist,1rAIFRB,ETF,ETF
120,iShares MSCI EM Consumer Gr ETF USD Acc,1rACEMG,ETF,ETF
121,iShares EUR Inflat Lnkd GovtBd ETF EUR Acc,1rAIBCI,ETF,ETF
122,iShares MSCI Brazil ETF USD Dist,1rAIBZL,ETF,ETF
123,iShares iBonds Dec 2025 Trm$TrsETFUSDAcc,1rTTI25,ETF,ETF
124,iShares iBonds Dec 2025Trm$CorpETFUSDAcc,1rTID25,ETF,ETF
125,iShares iBonds Dec 2025TrmEURCorpETFEURAcc,1rTIB25,ETF,ETF
126,iShares iBonds Dec 2025TrmEURCorpETFEURInc,1rTIBE5,ETF,ETF
127,iShares iBonds Dec 2026TrmEURCorpETFEURAcc,1rTB26A,ETF,ETF
128,iShares iBonds Dec 2027Trm$CorpETFUSDAcc,1rTDI27,ETF,ETF
129,iShares iBonds Dec 2027TrmEURCorpETFEURAcc,1rTIB27,ETF,ETF
130,iShares iBonds Dec 2027TrmEURCorpETFEURInc,1rTIBE7,ETF,ETF
131,iShares iBonds Dec 2028TrmEURCorpETFEURAcc,1rTB28A,ETF,ETF
133,iShares iBonds Dec 2029TermEURCorpETFEURDist,1rT29GI,ETF,ETF
135,iShares iBonds Dec26TrmEURItlyGvtBdETFEURDis,1rT26TP,ETF,ETF
137,iShares iBonds Dec 2030TermEURCorpETFEURDist,1rT30IG,ETF,ETF
139,iShares iBonds Dec28TrmEURItlyGvtBdETFEURDis,1rT28IY,ETF,ETF
141,iShares MSCI World Swap PEA ETF,1rTWPEA,ETF,ETF
143,iShares China Large Cap ETF USD Acc,1rAFXAC,ETF,ETF
144,iShares China Large Cap ETF USD Dist,1rAFXC,ETF,ETF
145,iShares Elctrc Vhcl&Drvng Tech ETFUSDAcc,1rAECAR,ETF,ETF
146,iShares Oil & Gas Explr&Prod ETF USD Acc,1rAIOGP,ETF,ETF
147,iShares MSCI EM Latin Amer ETF USD Dist,1rALTAM,ETF,ETF
148,iShares BIC 50 ETF USD Dist,1rABRIC,ETF,ETF
149,iShares Agribusiness ETF USD Acc,1rAISAE,ETF,ETF
150,iShares Diversified Commodity Swap (DE),1rTCMSE,ETF,ETF
151,iShares MSCI China A ETF USD Acc,1rACNYA,ETF,ETF
152,iShares Global Clean Energy ETF USD Acc,1rTINRE,ETF,ETF
153,iShares MSCI Mexico Capped ETF USD Acc,1rACMEX,ETF,ETF
0,FIP France Excellence II B,0P00012PV4,OPCVM,OPCVM
1,BNP Paribas Nordic Small Cap Cl C,0P00011VSF,OPCVM,OPCVM
2,Janus Henderson Hrzn GlbTechLdrs A2EUR,0P0000UHTI,OPCVM,OPCVM
3,Janus Henderson Hrzn GlbTechLdrs A2USD,0P00000EBQ,OPCVM,OPCVM
4,Janus Henderson Hrzn GlbTechLdrs A2USD,MP-508292,OPCVM,OPCVM
5,DWS Invest Gold and Prec Mtl Eqs LC,MP-234016,OPCVM,OPCVM
6,BNP Paribas Finance Europe ISR Classic,MP-805107,OPCVM,OPCVM
7,Janus Henderson Hrzn PanEurpPtyEqs A2EUR,MP-306915,OPCVM,OPCVM
8,CM-AM Global Gold RC,MP-800439,OPCVM,OPCVM
9,Pictet-Digital PUSD,MP-303082,OPCVM,OPCVM
10,LCL Actions Or Monde C,MP-800606,OPCVM,OPCVM
11,MS INVF Global Opportunity A,0P0000RZ2H,OPCVM,OPCVM
12,Norden Small IC,0P0000YYPV,OPCVM,OPCVM
13,Loomis Sayles US Growth Eq R/A H-EUR,0P00019846,OPCVM,OPCVM
14,Nordea 1 - Nordic Equity Small Cp BP EUR,MP-234271,OPCVM,OPCVM
15,Pictet-Indian Equities P USD,MP-304667,OPCVM,OPCVM
16,Pictet-Indian Equities P EUR,MP-216955,OPCVM,OPCVM
17,DPAM B Real Est Eur Sus B,MP-591247,OPCVM,OPCVM
18,AXAWF Eurp Rl Est Secs A Cap EUR,MP-334623,OPCVM,OPCVM
19,BNP Paribas Disrpt Tech Cl C,0P0000YSYV,OPCVM,OPCVM
20,BNP Paribas Disrpt Tech Cl D,0P0000YSYW,OPCVM,OPCVM
21,AXA Aedificandi AD,MP-828892,OPCVM,OPCVM
22,BNP Paribas Turkey Equity Classic R,0P0000YW35,OPCVM,OPCVM
23,Edgewood L Sel US Select Growth A EUR H,MP-965313,OPCVM,OPCVM
24,MS INVF US Growth AH EUR,MP-227720,OPCVM,OPCVM
25,DNCA Emerging Europe Equity R/A EUR,MP-504244,OPCVM,OPCVM
26,DNCA Emerging Europe Equity R/A USD,MP-391570,OPCVM,OPCVM
27,Fidelity Global Technology A-Dis-EUR,MP-575277,OPCVM,OPCVM
28,HSBC GIF Indian Equity AD,MP-469333,OPCVM,OPCVM
29,AXA Aedificandi AC,MP-805596,OPCVM,OPCVM
30,BNP Paribas Turkey Equity Classic D,0P0000YT06,OPCVM,OPCVM
31,HSBC GIF Indian Equity AC,MP-358614,OPCVM,OPCVM
32,JPM US Technology A (dist) USD,MP-538349,OPCVM,OPCVM
33,Fidelity Nordic A-Acc-EUR,0P0000YRWM,OPCVM,OPCVM
34,MS INVF US Growth A USD,MP-306261,OPCVM,OPCVM
35,Janus Henderson Hrzn Glb Sus Eq A2 HEUR,0P0001HVTX,OPCVM,OPCVM
36,CM-AM Indiciel Am√©rique 500 RC,MP-963625,OPCVM,OPCVM
37,Pictet-Biotech HP EUR,MP-387991,OPCVM,OPCVM
38,Mirova Women Leaders Equity R/A EUR,0P0001H9ZV,OPCVM,OPCVM
39,DPAM B Eqs NewGems Sust B Cap,MP-212192,OPCVM,OPCVM
40,Allianz Best Styles US Equity AT EUR,0P0000YYLD,OPCVM,OPCVM
41,Edgewood L Sel US Select Growth A EUR,MP-965297,OPCVM,OPCVM
42,Carmignac Investissement A EUR Acc,MP-800128,OPCVM,OPCVM
43,JPM US Select Equity A (acc) USD,MP-302556,OPCVM,OPCVM
44,BNP Paribas India Eq Cl EUR Cap,0P0000YSZA,OPCVM,OPCVM
45,BNP Paribas India Eq Cl EUR Dis,0P0000YSOD,OPCVM,OPCVM
46,RMM Actions USA H EUR,0P0000TV0S,OPCVM,OPCVM
47,JPM Global Focus A (dist) EUR,MP-358576,OPCVM,OPCVM
48,Carmignac Pf Grandchildren A EUR Acc,0P0001HPEG,OPCVM,OPCVM
49,DWS Artificial Intelligence ND,MP-847414,OPCVM,OPCVM
50,BNPP Sust US Value Mlt-Fac Eq Cl EUR R,0P0001BMU3,OPCVM,OPCVM
51,BNP Paribas Immobilier ISR Classic C,MP-806316,OPCVM,OPCVM
52,BNP Paribas Immobilier ISR Classic D,MP-829010,OPCVM,OPCVM
53,Mirova Global Sust Eq R/A EUR,0P000100S5,OPCVM,OPCVM
54,AXA Indice USA AD,MP-803532,OPCVM,OPCVM
55,Carmignac Investissement E EUR Acc,MP-807405,OPCVM,OPCVM
56,AXA Indice USA AC,MP-802418,OPCVM,OPCVM
57,Carmignac Pf Emerg Discv A EUR Acc,MP-191553,OPCVM,OPCVM
58,Fidelity Global Financial Svcs A-Dis-EUR,MP-436245,OPCVM,OPCVM
59,Norden SRI,MP-829935,OPCVM,OPCVM
60,Pictet - Biotech P EUR,MP-216935,OPCVM,OPCVM
61,Pictet-Biotech P USD,MP-301852,OPCVM,OPCVM
62,MS INVF US Advantage A,MP-204728,OPCVM,OPCVM
63,JPM Global Select Equity A (acc) USD,MP-302715,OPCVM,OPCVM
64,State Street Erp Sm Cp ESG Scrn Eq PEURAcc,0P00015X6R,OPCVM,OPCVM
65,State Street Erp Sm Cp ESG Scrn Eq PEURInc,0P0001BQYF,OPCVM,OPCVM
66,LCL Actions Etats-Unis ISR C,MP-800604,OPCVM,OPCVM
67,Candriam Eqs L Biotech C USD Cap,MP-308354,OPCVM,OPCVM
68,Candriam Eqs L Biotech C USD Dis,MP-308355,OPCVM,OPCVM
69,Pictet-Biotech R EUR,MP-216936,OPCVM,OPCVM
70,Echiquier Positive Impact Europe A,MP-664642,OPCVM,OPCVM
71,CM-AM Am√©rique 500 Dollar C,0P000125KP,OPCVM,OPCVM
72,RMM Actions USA C EUR,0P00000Q4O,OPCVM,OPCVM
73,RMM Actions USA C EUR,MP-829000,OPCVM,OPCVM
74,AXAWF US Responsible Growth A Cap EUR,MP-558487,OPCVM,OPCVM
75,AXA Euro Valeurs Responsables D,MP-803529,OPCVM,OPCVM
76,AXA Euro Valeurs Responsables C,MP-802420,OPCVM,OPCVM
77,Invesco Pan European Sm Cp Eq E EUR Acc,MP-401962,OPCVM,OPCVM
78,abrdnI-European Sust Equity A Acc EUR,MP-402178,OPCVM,OPCVM
79,JPM Europe Sustainable Equity A (acc)EUR,0P00019J9L,OPCVM,OPCVM
80,R-co Thematic Gold Mining C,MP-805333,OPCVM,OPCVM
81,DPAM B Equities World Sust B Cap,MP-590070,OPCVM,OPCVM
82,Fidelity India Focus A-USD,MP-359345,OPCVM,OPCVM
83,JPM Taiwan A (acc) USD,MP-200012,OPCVM,OPCVM
84,HSBC RIF SRI Global Equity AC,MP-803769,OPCVM,OPCVM
85,Fidelity Euro 50 Index A-Dis-EUR,MP-538005,OPCVM,OPCVM
86,BNY Mellon Sust Glbl Equity EUR A Acc,MP-353084,OPCVM,OPCVM
87,Carmignac Pf Grande Europe A EUR Acc,MP-308229,OPCVM,OPCVM
88,Candriam Eqs L Onclgy Impct CH EUR Cap,0P0001F592,OPCVM,OPCVM
89,Fidelity India Focus A-EUR,MP-359346,OPCVM,OPCVM
90,Pictet-Security R EUR,MP-234207,OPCVM,OPCVM
91,AXAWF Evvg Trnds A Cap EUR,0P0000SR0W,OPCVM,OPCVM
92,Fidelity Sustainable Eurp Eq A-Dis-EUR,MP-554038,OPCVM,OPCVM
93,DPAM B Equities Euroland B Cap,MP-591135,OPCVM,OPCVM
94,AXA Am√©rique Actions AC,MP-802425,OPCVM,OPCVM
95,AXA Am√©rique Actions AD,MP-802426,OPCVM,OPCVM
96,Lazard Actions Am√©ricaines RC EUR,MP-470869,OPCVM,OPCVM
97,JPM Europe Small Cap A (dist) EUR,MP-440382,OPCVM,OPCVM
98,Nordea 1 - Nordic Equity BP EUR,MP-300306,OPCVM,OPCVM
99,HSBC GIF Economic Scale US Equity AC,MP-358635,OPCVM,OPCVM
100,BNP Paribas US Small Cap Classic EUR D,0P000162F7,OPCVM,OPCVM
101,BNP Paribas US Small Cap Classic EUR R,0P0000YSXM,OPCVM,OPCVM
102,Carmignac Pf Grande Europe E EUR Acc,MP-972587,OPCVM,OPCVM
103,abrdnI-Asian Smaller Companies A Acc USD,MP-217815,OPCVM,OPCVM
104,JPM India A (dist) USD,MP-454454,OPCVM,OPCVM
105,Fidelity Em Eurp Mdl EstùîÑ A Acc EUR,MP-28441,OPCVM,OPCVM
106,"AXA IM US Equity QI B(√¢,¬¨)",MP-354729,OPCVM,OPCVM
107,JPM Europe Strategic Growth A (dist) EUR,MP-355439,OPCVM,OPCVM
108,Thematics Al and Robotics R/A EUR,0P0001H0TE,OPCVM,OPCVM
109,Pictet-Water P EUR,MP-308138,OPCVM,OPCVM
110,Allianz Europe Equity Growth A EUR,MP-998988,OPCVM,OPCVM
111,Allianz Europe Equity Growth AT EUR,MP-998991,OPCVM,OPCVM
112,Schroder ISF Eurp Spec Sits A Acc EUR,MP-217642,OPCVM,OPCVM
113,abrdnII-Eu SmlCo A Acc EUR,0P00009XZ8,OPCVM,OPCVM
114,Groupama Global Active Equity NC,MP-521677,OPCVM,OPCVM
115,abrdnI-Global Innovation Eqty S Acc USD,MP-663459,OPCVM,OPCVM
116,Federal Optimal Plus ESG P,MP-288625,OPCVM,OPCVM
117,Invesco Sus Pan Eurp Stu Eq A EUR Acc,MP-401973,OPCVM,OPCVM
118,State Street Global Value Sptlt P,0P0000YVLQ,OPCVM,OPCVM
119,Thematics Safety R/A EUR,0P0001H0TF,OPCVM,OPCVM
120,Trusteam ROC Europe R,MP-805266,OPCVM,OPCVM
121,JPM Euroland Dynamic A perf (acc) EUR,0P0000U4WV,OPCVM,OPCVM
122,JPM Europe Dynamic Sm Cp A perf (acc)EUR,MP-359975,OPCVM,OPCVM
123,BNP Paribas Aqua C C,0P00016F74,OPCVM,OPCVM
124,DPAM B Eqs Eur Sm Cap Sust B,MP-590661,OPCVM,OPCVM
125,AXAWF Robotech A Cap EUR,0P00019MBQ,OPCVM,OPCVM
126,Generali IS SRI European Equity DX,MP-334533,OPCVM,OPCVM
127,JPM Japan Equity A (dist) USD,0P00000RSO,OPCVM,OPCVM
128,JPM Japan Equity A (dist) USD,MP-434297,OPCVM,OPCVM
129,Pictet-Water R EUR,MP-308924,OPCVM,OPCVM
130,AXA IM Global Small Cap Eq QIB,MP-354726,OPCVM,OPCVM
131,DWS India,MP-974879,OPCVM,OPCVM
132,Fidelity World A-Acc-EUR,0P00016FY4,OPCVM,OPCVM
133,Fidelity World A-Dis-EUR,MP-306422,OPCVM,OPCVM
134,BNP Paribas Europe Small Cap Cl C,MP-958598,OPCVM,OPCVM
135,JPM Euroland Equity A (acc) EUR,MP-200019,OPCVM,OPCVM
136,BNP Paribas Global Envir Cl C,MP-191545,OPCVM,OPCVM
137,JPM Euroland Equity A (dist) EUR,MP-434292,OPCVM,OPCVM
138,Janus Henderson Hrzn PanEurpSmrComs A2EUR,MP-443750,OPCVM,OPCVM
139,BNP Paribas Health Cr Innovtr Cl Dis,0P0000YSY2,OPCVM,OPCVM
140,Pr√©voir Gestion Actions C,MP-806535,OPCVM,OPCVM
141,BNP Paribas Health Cr Innovtr Cl Cap,0P0000YSY1,OPCVM,OPCVM
142,Echiquier World Equity Growth A,MP-648169,OPCVM,OPCVM
143,Invesco Sus Pan Eurp Stu Eq E EUR Acc,MP-401967,OPCVM,OPCVM
144,Fidelity Sust Glb Div Pl A EUR,MP-575279,OPCVM,OPCVM
145,AXA Europe Opportunit√©s D,MP-828899,OPCVM,OPCVM
146,Pictet - Quest Europe Sust Eq P EUR,MP-503175,OPCVM,OPCVM
147,Fidelity Germany A-Dis-EUR,MP-434112,OPCVM,OPCVM
148,Fidelity Sust Hlth Care A-Dis-EUR,MP-436305,OPCVM,OPCVM
149,LCL Actions Monde hors Europe D,MP-804230,OPCVM,OPCVM
150,DNCA Invest Evolutif B EUR,MP-420188,OPCVM,OPCVM
151,JPM Europe Equity A (dist) EUR,MP-434293,OPCVM,OPCVM
152,State Street Erp ESG Scrn Enh Eq P EUR,0P00015YHC,OPCVM,OPCVM
153,East Capital Global EM Sustainable A EUR,0P0000198T,OPCVM,OPCVM
154,Thematics Water R/A EUR,0P0001H0TG,OPCVM,OPCVM
155,MS INVF US Property A,MP-306246,OPCVM,OPCVM
156,DPAM B Equities Eur Sust B EUR Cap,MP-591778,OPCVM,OPCVM
157,State Street Eurozone Value Spotlight P,0P0000Z9W6,OPCVM,OPCVM
158,AXAWF Global Rl Est A Cap EUR,MP-223803,OPCVM,OPCVM
159,State Street Pac Ex-Jpn ScrnIdxEqPUSD,0P00016MO1,OPCVM,OPCVM
160,"AXA IM Eurobloc Eq B (√¢,¬¨)",MP-43528,OPCVM,OPCVM
161,Schroder ISF US Smlr Coms Impct A AccUSD,MP-357197,OPCVM,OPCVM
162,Echiquier Major SRI Growth Europe A,MP-806392,OPCVM,OPCVM
163,BNP Paribas Sust Eurp Div C D,MP-308711,OPCVM,OPCVM
164,La Fran√ßaise Inflect Point Trend Prev I,MP-805358,OPCVM,OPCVM
165,BNP Paribas Technologies Eurp ISR Class,MP-805109,OPCVM,OPCVM
166,AXAWF ACT Eurp Eq A Dis EUR,MP-391967,OPCVM,OPCVM
167,BNP Paribas Sust Eurp Div C C,MP-308710,OPCVM,OPCVM
168,AXAWF ACT Eurp Eq A Cap EUR,MP-391966,OPCVM,OPCVM
169,MS INVF Global Property A USD,MP-227709,OPCVM,OPCVM
170,AXAWF Fram Sust Eurozone A Cap EUR,MP-487496,OPCVM,OPCVM
171,Fidelity European Growth A-Dis-EUR,MP-434110,OPCVM,OPCVM
172,AXAWF ACT Clean Economy A Cap EUR H,0P0001FD7K,OPCVM,OPCVM
173,abrdnI-Europe ex UK Sust Equity A AccEUR,MP-217910,OPCVM,OPCVM
174,DNCA Invest Value Europe B EUR,MP-420347,OPCVM,OPCVM
175,HSBC Europe Equity Income AC,MP-805883,OPCVM,OPCVM
176,AXA Europe Opportunit√©s C,MP-828898,OPCVM,OPCVM
177,HSBC Europe Equity Income AD,MP-805884,OPCVM,OPCVM
178,Pictet-Family P EUR,MP-468289,OPCVM,OPCVM
179,AXA Or et Mati√®res Premi√®res D,MP-828905,OPCVM,OPCVM
180,AXA Valeurs Euro Action C,MP-828954,OPCVM,OPCVM
181,AXA Valeurs Euro Action D,MP-828955,OPCVM,OPCVM
182,State Street EMU ESG Scrn Idx Eq P EUR,0P00016MNP,OPCVM,OPCVM
183,JPM Europe Strategic Value A (dist) EUR,MP-355440,OPCVM,OPCVM
184,DNCA Invest Beyond Global Leaders A EUR,0P0000S4C5,OPCVM,OPCVM
185,Schroder ISF Asian Eq Yld A Acc USD,MP-359229,OPCVM,OPCVM
186,Pictet-Global Megatrend Sel R EUR,MP-417681,OPCVM,OPCVM
187,CM-AM Indiciel Japon 225 RC,MP-807654,OPCVM,OPCVM
188,Pictet - Global Envir Opps P EUR,0P0000PTZO,OPCVM,OPCVM
189,Fidelity Glb Thematic Opps A-USD,MP-440598,OPCVM,OPCVM
190,MS INVF Sustainable Emerging Mkts Eq A,MP-306256,OPCVM,OPCVM
191,State Street Europe ESG Scrn Idx EqPEUR,0P00016MNS,OPCVM,OPCVM
192,Comgest Monde C,MP-828468,OPCVM,OPCVM
193,DNCA Invest Beyond Global Leaders B EUR,0P0000S4C6,OPCVM,OPCVM
194,JPM ASEAN Equity A (dist) USD,0P0001ERBI,OPCVM,OPCVM
195,La Fran√ßaise Inflect Point Trend Prev P,MP-806606,OPCVM,OPCVM
196,Thematics Meta R/A EUR,0P0001H0TH,OPCVM,OPCVM
197,BNP Paribas Indice Euro Classic C,0P00011NSY,OPCVM,OPCVM
198,HSBC GIF Euroland Value AC,MP-303598,OPCVM,OPCVM
199,DNCA Value Europe C,MP-806042,OPCVM,OPCVM
200,Fidelity European Lgr Coms A-Dis-EUR,MP-358047,OPCVM,OPCVM
201,Mirova Actions Euro R ,0P00016P4O,OPCVM,OPCVM
202,Allianz German Equity AT EUR,0P0000X891,OPCVM,OPCVM
203,BNP Paribas Aqua Classic,MP-468273,OPCVM,OPCVM
204,AXAWF Global Optimal Income A Cap EUR,0P0000YEFJ,OPCVM,OPCVM
205,AXA IM Global Equity QI B,MP-354725,OPCVM,OPCVM
206,Invesco Social Progress E-Acc Shares EUR,MP-359283,OPCVM,OPCVM
207,Fidelity Sust Water & Waste A Acc EUR,0P0001EVSZ,OPCVM,OPCVM
208,AXA WF ACT Humn Cap A Dis EUR,0P00015W9Q,OPCVM,OPCVM
209,AXA WF ACT Humn Cap A Cap EUR,MP-608681,OPCVM,OPCVM
210,GIS SRI World Equity DX,MP-957451,OPCVM,OPCVM
211,Allianz Europe Equity SRI AT EUR,0P00017U6I,OPCVM,OPCVM
212,Mirova Euro Sustainable Eq R/A EUR,0P000100RL,OPCVM,OPCVM
213,Allianz Valeurs Durables RC,MP-829569,OPCVM,OPCVM
214,BNPP Sustainable Europe Value Cl C,MP-503799,OPCVM,OPCVM
215,BNPP Sustainable Europe Value Cl D,MP-503800,OPCVM,OPCVM
216,Pictet-Health P EUR,MP-216949,OPCVM,OPCVM
217,Pictet-Health PUSD,MP-387978,OPCVM,OPCVM
218,State Street EMU ESG Scrn Eq P Acc,MP-492196,OPCVM,OPCVM
219,State Street EMU ESG Scrn Eq P Inc,0P00015X6N,OPCVM,OPCVM
220,LMdG Opportunit√©s Monde 100 (EUR) R,MP-803069,OPCVM,OPCVM
221,R-co 4Change Net Zero Equity Euro C EUR,MP-828155,OPCVM,OPCVM
222,AXA Europe Actions Action D,MP-828897,OPCVM,OPCVM
223,Allianz Global Small Cap Equity AT H EUR,0P0000ZLC7,OPCVM,OPCVM
224,DWS European Opportunities LD,MP-847415,OPCVM,OPCVM
225,AXAWF Dgtl Ecoy A Cap EURHdg,0P0001BV01,OPCVM,OPCVM
226,CM-AM Global Leaders RC,0P000152US,OPCVM,OPCVM
227,LMdG Opportunit√©s Monde 50 (EUR) R,MP-806716,OPCVM,OPCVM
228,Robeco BP US Premium Equities DH EUR,MP-217551,OPCVM,OPCVM
229,JPM US Value A (dist) USD,MP-355879,OPCVM,OPCVM
230,Fidelity American Growth A-Dis-USD,MP-526156,OPCVM,OPCVM
231,AXAWF Fram Sus Europe A Cap EUR,MP-487494,OPCVM,OPCVM
232,AXAWF Fram Sus Europe A Dis EUR,0P00015589,OPCVM,OPCVM
233,Groupama Europe Active Equity NC,0P0000ZT4H,OPCVM,OPCVM
234,CM-AM Sustainable Planet RC,MP-804098,OPCVM,OPCVM
235,Echiquier Climate & Biodivs Impct Eurp A,0P0001LG9T,OPCVM,OPCVM
236,abrdnI-Select Emrg Mrkt Bond A Acc H EUR,0P0000PVTT,OPCVM,OPCVM
237,AXA Europe Actions Action C,MP-828896,OPCVM,OPCVM
238,HSBC Euro Equity Volatility Focused A,MP-806336,OPCVM,OPCVM
239,AXAWF Italy Eq A Cap EUR,MP-303134,OPCVM,OPCVM
240,AXAWF Italy Eq A Dis EUR,MP-308328,OPCVM,OPCVM
241,Clartan Valeurs C,0P000156ZS,OPCVM,OPCVM
242,BNPP Energie & Industrie Europe ISR Clss,MP-805106,OPCVM,OPCVM
243,Mandarine Global Microcap R EUR,0P00018EGL,OPCVM,OPCVM
244,AXA Or et Mati√®res Premi√®res C,MP-805613,OPCVM,OPCVM
245,Fidelity Sustainable Euroz Eq A-Acc-EUR,MP-217600,OPCVM,OPCVM
246,JPM US Small Cap Growth A (dist) USD,MP-34242,OPCVM,OPCVM
247,DWS German Equities Typ O,MP-847428,OPCVM,OPCVM
248,Schroder ISF EURO Equity A Acc EUR,MP-357219,OPCVM,OPCVM
249,JPM Emerging Markets Debt A (dist) EURH,MP-457215,OPCVM,OPCVM
250,Fidelity European Smlr Coms A-Dis-EUR,MP-454712,OPCVM,OPCVM
251,Groupama Euro Active Equity NC,MP-947577,OPCVM,OPCVM
252,AXAWF Global Emerg Mkts Bds A Dis EUR H,MP-999093,OPCVM,OPCVM
253,Fidelity Global Industrials A-Dis-EUR,MP-436331,OPCVM,OPCVM
254,Candriam Eqs L Australia C AUD Cap,MP-302869,OPCVM,OPCVM
255,Pictet-Clean Energy Transition R EUR,MP-990490,OPCVM,OPCVM
256,AXAWF Global Emerg Mkts Bds A Cap EUR H,MP-999091,OPCVM,OPCVM
257,Candriam Eqs L Australia C AUD Dis,MP-302868,OPCVM,OPCVM
258,JPM Global Healthcare A (acc) EUR,0P0000Y1OS,OPCVM,OPCVM
259,Amplegest Pricing Power AC,MP-815031,OPCVM,OPCVM
260,OFI Invest Act4 Positive Eco R C EUR,0P00015TUP,OPCVM,OPCVM
261,Carmignac Pf Family Governed A EUR Acc,0P0001HPED,OPCVM,OPCVM
262,State Street Europe Value Spotlight P,0P0000YXSC,OPCVM,OPCVM
263,Invesco US Value Equity A USD Acc,0P0000U1YL,OPCVM,OPCVM
264,BNP Paribas S√©lection Dynamique Classic,MP-802430,OPCVM,OPCVM
265,Generali Audace Europe,MP-804206,OPCVM,OPCVM
266,Ofi Invest ESG US Equity R EUR,0P0000KBS1,OPCVM,OPCVM
267,Janus Henderson Hrzn GlblPtyEqsA2EUR,MP-604953,OPCVM,OPCVM
268,Janus Henderson Hrzn GlblPtyEqsA2USD,MP-359845,OPCVM,OPCVM
269,Mandarine Equity Income R,MP-807521,OPCVM,OPCVM
270,La Fran√ßaise Actions EURCO2 Responsable R,MP-632366,OPCVM,OPCVM
271,"AXA IMAllCntryAPExJpnSmCpEq QI B (√¢,¬¨)",MP-354733,OPCVM,OPCVM
272,Allianz Actions Emergentes C,MP-802417,OPCVM,OPCVM
273,Candriam Bds Em Mkts C USD Cap,MP-302947,OPCVM,OPCVM
274,Schroder ISF US S&M-Cap Eq A Acc USD,MP-359882,OPCVM,OPCVM
275,Palatine Plan√®te I,MP-807435,OPCVM,OPCVM
276,Schroder ISF Glb Clmt Chg Eq A Acc EUR H,MP-964958,OPCVM,OPCVM
277,Mandarine Unique S&M Caps Europe R EUR,MP-683859,OPCVM,OPCVM
278,DWS Invest European Eq Hi Convct LC,MP-551448,OPCVM,OPCVM
279,Tikehau Equity Selection R Acc EUR,0P000178TZ,OPCVM,OPCVM
280,DWS Invest Global Infras LC,MP-905369,OPCVM,OPCVM
281,Comgest Growth Europe EUR Acc,MP-352291,OPCVM,OPCVM
282,Lazard Actions Emergentes R,MP-807639,OPCVM,OPCVM
283,Fundquest Dynamic Classic,MP-803063,OPCVM,OPCVM
284,JPM Japan Sustainable Equity A acc JPY,MP-302558,OPCVM,OPCVM
285,CM-AM Japon 225 YEN,0P000150V8,OPCVM,OPCVM
286,JPM US Smaller Companies A (dist) USD,MP-434282,OPCVM,OPCVM
287,Pluvalca Sustainable Opportunities A,0P0001FG1E,OPCVM,OPCVM
288,Lazard Credit Fi SRI RVC EUR,MP-542494,OPCVM,OPCVM
289,R-co Opal Croissance,MP-803539,OPCVM,OPCVM
290,Mandarine Europe Microcap R EUR,0P00018KOU,OPCVM,OPCVM
291,R-co Equity Euro C,MP-828585,OPCVM,OPCVM
292,Fidelity European Dynamic Gr A-Dis-EUR,MP-355979,OPCVM,OPCVM
293,CM-AM Europe Value RC,MP-801100,OPCVM,OPCVM
294,Allianz Actions Euro Innovation C,MP-804927,OPCVM,OPCVM
295,Janus Henderson Hrzn Glb HY Bd A2 HEUR,0P0000ZQ3K,OPCVM,OPCVM
296,DPAM B Equities Eur Div B EUR Cap,MP-590042,OPCVM,OPCVM
297,JPM Europe Dynamic Techs Fd A (dist) EUR,MP-580744,OPCVM,OPCVM
298,Federal Focus European Economy P,MP-804235,OPCVM,OPCVM
299,AXAWF Dgtl Ecoy A Cap USD,0P0001BV07,OPCVM,OPCVM
300,Allianz Actions Euro Convictions C,MP-804290,OPCVM,OPCVM
301,BNP Paribas Japan Sm Cp Cl EUR C,0P000162FS,OPCVM,OPCVM
302,abrdnI-Japan Sustainable Eqty A Acc HEUR,MP-663450,OPCVM,OPCVM
303,Comgest Renaissance Europe C,MP-829523,OPCVM,OPCVM
304,Carmignac Investissement Lat A EUR Acc,MP-806393,OPCVM,OPCVM
305,Ofi Invest ESG Equity Climate Change RC,0P0001C8KS,OPCVM,OPCVM
306,CM-AM Europe Dividendes RC,0P0000Z816,OPCVM,OPCVM
307,CM-AM Europe Dividendes RD,0P0000Z817,OPCVM,OPCVM
308,Ofi Invest ESG MultiTrack R,MP-487686,OPCVM,OPCVM
309,DWS Invest ESG Top Euroland LC,MP-552516,OPCVM,OPCVM
310,BNP Paribas US Mid Cap Classic EUR R,0P000162F9,OPCVM,OPCVM
311,DNCA Actions Small&Mid Cap Euro RC,MP-496450,OPCVM,OPCVM
312,Carmignac Pf Credit A EUR Acc,0P0001FE3K,OPCVM,OPCVM
313,Allianz Income and Growth A H2 EUR,0P0000WITP,OPCVM,OPCVM
314,State Street EM ESG Scrn Enh Eq P EUR,0P0001BQYD,OPCVM,OPCVM
315,Schroder ISF Italian Equity A Acc EUR,MP-357213,OPCVM,OPCVM
316,Ofi Invest Precious Metals R,0P0000VOSS,OPCVM,OPCVM
317,BNP Paribas Actions Patrimoine ISR C D,MP-806288,OPCVM,OPCVM
318,BNP Paribas Actions Patrimoine ISR C C,MP-800223,OPCVM,OPCVM
319,HSBC RIF Europe Eq Green Transition AC,MP-805038,OPCVM,OPCVM
320,HSBC RIF Europe Eq Green Transition AD,MP-805039,OPCVM,OPCVM
321,AXA WF ACT Social Prog A CapEUR,0P00019VOY,OPCVM,OPCVM
322,Echiquier Agressor A,MP-800952,OPCVM,OPCVM
323,Fidelity Sust Cnsmr Brds A-Dis-EUR,MP-436218,OPCVM,OPCVM
324,R-co Opal Equilibre,MP-803531,OPCVM,OPCVM
325,Ecofi Enjeux Futurs C,MP-191893,OPCVM,OPCVM
326,Echiquier Agenor SRI Mid Cap Europe A,MP-805948,OPCVM,OPCVM
327,HSBC RIF SRI Euroland Equity AC,MP-802363,OPCVM,OPCVM
328,Pictet-Timber P EUR,MP-407710,OPCVM,OPCVM
329,Seeyond SRI Europe MinVol R/A EUR,0P000111GL,OPCVM,OPCVM
330,AXA ACT Social Progress,MP-804862,OPCVM,OPCVM
331,CM-AM PME-ETI Actions RC,0P000125M7,OPCVM,OPCVM
332,State Street Flexible Asset Allc Pl P,0P00015XHJ,OPCVM,OPCVM
333,MS INVF Global Brands A USD,MP-355876,OPCVM,OPCVM
334,abrdnI-Select Emrg Mrkt Bond A Acc USD,MP-356526,OPCVM,OPCVM
335,HSBC Actions Europe AC,MP-802872,OPCVM,OPCVM
336,HSBC Actions Europe AD,MP-802873,OPCVM,OPCVM
337,Allianz Japan Equity AT H EUR,0P00016L5V,OPCVM,OPCVM
338,DWS Invest German Equities LC,0P0000WUYZ,OPCVM,OPCVM
339,OSTRUM SRI EURO MINVOL EQUITY R  EUR,MP-829756,OPCVM,OPCVM
340,HSBC Select Equity A,MP-803702,OPCVM,OPCVM
341,abrdn- Global Income Bd A Acc HDG EUR,0P00019B97,OPCVM,OPCVM
342,R-co Valor F EUR,0P00017SX2,OPCVM,OPCVM
343,Belfius Equities Leading Brands C Cap,MP-591032,OPCVM,OPCVM
344,Allianz Actions Euro Innovation D,MP-829704,OPCVM,OPCVM
345,Tikehau European High Yield R Acc EUR,MP-256376,OPCVM,OPCVM
346,Robeco Asia-Pacific Equities D EUR,MP-309432,OPCVM,OPCVM
347,AXA Europe Small Cap AC,MP-828787,OPCVM,OPCVM
348,AXA Europe Small Cap AD,MP-828788,OPCVM,OPCVM
349,Generali Global Multi Asset Inc DY Inc,0P00019J5D,OPCVM,OPCVM
350,JPM Global High Yield Bond A (acc) EURH,MP-308615,OPCVM,OPCVM
351,AIS Select - Actions Europe P,MP-807169,OPCVM,OPCVM
352,Tocqueville Megatrends ISR C,MP-806641,OPCVM,OPCVM
353,AXAWF Europe Small Cap A Cap EUR,MP-391970,OPCVM,OPCVM
354,AXAWF Europe Small Cap A Dis EUR,MP-391971,OPCVM,OPCVM
355,Schelcher Global High Yield ESG P,MP-508959,OPCVM,OPCVM
356,AXAWF Optimal Income A Dis gr EUR pf,MP-502681,OPCVM,OPCVM
357,HSBC GIF Global EM Bd AC,0P0000SC26,OPCVM,OPCVM
358,AXAWF Optimal Income A Cap EUR pf,MP-502680,OPCVM,OPCVM
359,Schroder ISF Glb Clmt Chg Eq A Acc EUR,MP-28371,OPCVM,OPCVM
360,Schroder ISF Global Smlr Coms A Acc USD,MP-217629,OPCVM,OPCVM
361,Allianz Multi Dynamisme C,MP-802441,OPCVM,OPCVM
362,BNP Paribas Euro High Yld Bd Cl C,0P0000YSOT,OPCVM,OPCVM
363,LCL Actions Euro D,MP-809562,OPCVM,OPCVM
364,BNP Paribas D√©veloppement Humain C,MP-805108,OPCVM,OPCVM
365,Groupama Asie N,MP-999281,OPCVM,OPCVM
366,AXAWF Longevity Economy A Cap EUR,MP-231131,OPCVM,OPCVM
367,Nordea 1 - European High Yld Bd BP EUR,MP-119982,OPCVM,OPCVM
368,CM-AM Euro Equities RC,MP-805788,OPCVM,OPCVM
369,Fidelity European Mlt-Asst Inc A Dis EUR,MP-442565,OPCVM,OPCVM
370,Lazard Japon RC EUR,MP-538330,OPCVM,OPCVM
371,BNP Paribas Actions Monde ISR Classic,MP-809513,OPCVM,OPCVM
372,Candriam Sst Eq Euro C Acc EUR,0P000183FX,OPCVM,OPCVM
373,Fundquest Balanced Classic,MP-800942,OPCVM,OPCVM
374,BNP Paribas Climate Impact Cl C,MP-223716,OPCVM,OPCVM
375,Schroder ISF Glbl MA Inc A Acc EUR H,0P0000VX92,OPCVM,OPCVM
376,Schroder ISF Glbl MA Inc A Dis EUR H QV,0P0000VXE0,OPCVM,OPCVM
377,abrdnI-Emerg Mrkt Corp Bond A Acc HEUR,0P00012MKR,OPCVM,OPCVM
378,Clartan Flexible C,0P00015702,OPCVM,OPCVM
379,Fidelity European Hi Yld A-Dis-EUR,MP-355516,OPCVM,OPCVM
380,Carmignac Multi Expertise A EUR Acc,MP-804945,OPCVM,OPCVM
381,Allianz Euroland Equity Growth AT EUR,MP-998983,OPCVM,OPCVM
382,AXAWF Euro Long Dur Bd A Cap EUR,MP-993839,OPCVM,OPCVM
383,State Street Glb ESG Scrn Mg Vol EqP$Acc,0P0000YXSD,OPCVM,OPCVM
384,Fidelity Switzerland A-Dis-CHF,MP-434186,OPCVM,OPCVM
385,Allianz Europe Mid Cap Equity AT EUR,0P0001BW3I,OPCVM,OPCVM
386,BNP Paribas S√©lection Dynamique PEA,MP-802701,OPCVM,OPCVM
387,Allianz Euro High Yield RC,MP-805965,OPCVM,OPCVM
388,Mirova Global Sustainable Credit RC,0P0001CDP9,OPCVM,OPCVM
389,Candriam Eqs L Eurp Innovt C EUR Cap,MP-202174,OPCVM,OPCVM
390,AXAWF US High Yield Bonds A Cap EUR H,MP-256042,OPCVM,OPCVM
391,Allianz China Strategic Bond AT H2 EUR,0P0000VGMG,OPCVM,OPCVM
392,DWS Global Value LD,MP-939853,OPCVM,OPCVM
393,"AXA IM Japan Equity B(√¢,¬¨)",MP-354730,OPCVM,OPCVM
394,BNP Paribas Smallcap Euroland ISR C C,0P000015L9,OPCVM,OPCVM
395,Pictet-Japanese Equity Opps PJPY,0P00000BKS,OPCVM,OPCVM
396,Fidelity Euro Bond A-Dis-EUR,MP-434128,OPCVM,OPCVM
397,Schroder ISF Em Mkts A Acc USD,MP-357206,OPCVM,OPCVM
398,DNCA Evolutif PEA C,MP-815038,OPCVM,OPCVM
399,Candriam Bds Global Hi Yld C EUR Cap,MP-503721,OPCVM,OPCVM
400,Generali Global Multi Asset Inc DX Acc,0P00019J5C,OPCVM,OPCVM
401,Pictet-EUR High Yield P,MP-504133,OPCVM,OPCVM
402,Candriam Eqs L Eurp Innovt N EUR Cap,0P0000THRH,OPCVM,OPCVM
403,Schroder ISF EURO Corp Bd A Acc EUR,MP-598988,OPCVM,OPCVM
404,abrdnI-Nrth American Sml Comp A Acc HEUR,0P00018Q0H,OPCVM,OPCVM
405,Ofi Invest ESG Euro Equity R,0P0001BLFP,OPCVM,OPCVM
406,Janus Henderson Hrzn Asn Div Inc A2 USD,MP-227168,OPCVM,OPCVM
407,Tocqueville Value Europe ISR P,MP-804104,OPCVM,OPCVM
408,Generali IS SRI Ageing Population DX EUR,0P00016UIY,OPCVM,OPCVM
409,Janus Henderson Hrzn Glb HY Bd A2 USD,0P0000ZQ3J,OPCVM,OPCVM
410,Fidelity America A-Acc-USD,MP-218226,OPCVM,OPCVM
411,Ind√©pendance et Expansion Europe Smll AC,0P0001DKPM,OPCVM,OPCVM
412,HSBC Select Dynamic A,MP-487917,OPCVM,OPCVM
413,BNP Paribas Smallcap Euroland ISR C D,0P000015LA,OPCVM,OPCVM
414,AXA France Opportunit√©s C,MP-803777,OPCVM,OPCVM
415,AXA France Opportunit√©s D,MP-805560,OPCVM,OPCVM
416,LMdG Familles & Entrepreneurs (EUR) P,MP-807229,OPCVM,OPCVM
417,Allianz Multi Equilibre C,MP-802442,OPCVM,OPCVM
418,HSBC GIF Europe Value AC,MP-358624,OPCVM,OPCVM
419,Echiquier Agenor Euro SRI Mid Cap A,0P0001H3Z4,OPCVM,OPCVM
420,DNCA SRI Euro Quality RC,MP-829520,OPCVM,OPCVM
421,Invesco Asia Opportunities Eq E EUR Acc,MP-401658,OPCVM,OPCVM
422,DNCA SRI Euro Quality RD,MP-805881,OPCVM,OPCVM
423,State Street Glb EM Scd Idx Eq P USD,0P00016MOO,OPCVM,OPCVM
424,Fidelity America A-Acc-EUR,MP-218225,OPCVM,OPCVM
425,abrdnI-Global Sustainable Eqty A Acc EUR,MP-674096,OPCVM,OPCVM
426,Fidelity America A-Dis,MP-434108,OPCVM,OPCVM
427,abrdnI-Emerg Mrkt Ttl Rtn Bond A AccHEUR,0P0001D39W,OPCVM,OPCVM
428,Allianz US High Yield AT H2 EUR,0P0000WMAL,OPCVM,OPCVM
429,Flexigestion Patrimoine RC,MP-807698,OPCVM,OPCVM
430,Dorval Manageurs R C,MP-806677,OPCVM,OPCVM
431,Candriam Bds Euro High Yld C EUR Cap,MP-300412,OPCVM,OPCVM
432,HSBC GIF Euroland Eq Smlr Coms AC,MP-358626,OPCVM,OPCVM
433,Carmignac Credit 2027 A EUR Acc,0P0001P1UF,OPCVM,OPCVM
434,Candriam Bds Euro High Yld C EUR Dis,MP-300413,OPCVM,OPCVM
435,Candriam Bds Euro Long Term C EUR Cap,MP-304741,OPCVM,OPCVM
436,BNP Paribas Convictions A,0P000154Y0,OPCVM,OPCVM
437,"AXA IM Pacific Ex-Jpn Eq QI B(√¢,¬¨)",MP-354732,OPCVM,OPCVM
438,Schroder ISF European Value A Acc EUR,MP-358438,OPCVM,OPCVM
439,Candriam Bds Euro Long Term C EUR Dis,MP-503607,OPCVM,OPCVM
440,AXAWF Euro 7-10 A Cap EUR,MP-993841,OPCVM,OPCVM
441,AXAWF Euro 7-10 A Dis EUR,MP-999071,OPCVM,OPCVM
442,Dorval Convictions PEA RC,MP-801528,OPCVM,OPCVM
443,AXA Euro 7-10 C,MP-805601,OPCVM,OPCVM
444,AXA Euro 7-10 D,MP-828891,OPCVM,OPCVM
445,Allianz Euro Credit SRI AT EUR,0P00015BJF,OPCVM,OPCVM
446,HSBC Select Balanced A,MP-487924,OPCVM,OPCVM
447,Fidelity Em Mkts A-DIST-USD,MP-438480,OPCVM,OPCVM
448,AXAWF Euro Credit Plus A Cap EUR,MP-503435,OPCVM,OPCVM
449,DWS Invest Africa LC,MP-305396,OPCVM,OPCVM
450,Candriam Eqs L Em Mkts C EUR Cap,MP-304462,OPCVM,OPCVM
451,Dorval Convictions RC,MP-420009,OPCVM,OPCVM
452,R-co Conviction Credit Euro C EUR,MP-806235,OPCVM,OPCVM
453,R-co Conviction Credit Euro D EUR,MP-806236,OPCVM,OPCVM
454,R-co Conviction Equity Value Euro C EUR,MP-806533,OPCVM,OPCVM
455,BNP Paribas Euro Equity C D,0P0000YSY8,OPCVM,OPCVM
456,BNP Paribas Euro Equity C C,0P0000YSY7,OPCVM,OPCVM
457,BNP Paribas Emerging Eq Cl Eur C,0P0000YSWO,OPCVM,OPCVM
458,BNP Paribas Emerging Eq Cl Eur Dist,0P0000YSWP,OPCVM,OPCVM
459,Fidelity Em Mkts A-DIST-EUR,MP-267014,OPCVM,OPCVM
460,HSBC Select Flexible A,MP-487922,OPCVM,OPCVM
461,abrdnII- Gbl Cp Bd A Acc HDG EUR,0P0000TR8R,OPCVM,OPCVM
462,Carmignac Pf Patrimoine Europe A EUR Acc,0P0001ECJK,OPCVM,OPCVM
463,AXAWF Emerg Mkts Rspnb Eq QI A Cap EUR,MP-608708,OPCVM,OPCVM
464,Allianz Euro Credit SRI CT EUR,0P00018Y7X,OPCVM,OPCVM
465,BNP Paribas Consumer Innovtr Cl C,0P0000YT1G,OPCVM,OPCVM
466,BNP Paribas Consumer Innovtr Cl D,0P0000YT1H,OPCVM,OPCVM
467,BNP Paribas Europe Eq C C,0P0000YST6,OPCVM,OPCVM
468,R-co Conviction Credit Euro F EUR,MP-605060,OPCVM,OPCVM
469,Tocqueville Dividende ISR C,MP-804712,OPCVM,OPCVM
470,Pictet-EUR Corporate Bonds P,MP-303693,OPCVM,OPCVM
471,BNP Paribas Europe Growth C D,0P0000YSYD,OPCVM,OPCVM
472,Tocqueville Dividende ISR D,MP-804713,OPCVM,OPCVM
473,BNP Paribas Europe Growth C C,0P0000YSYC,OPCVM,OPCVM
474,Allianz Multi Rendement R√©el C,MP-805973,OPCVM,OPCVM
475,abrdnI-Select Euro High Yld Bd A Acc EUR,MP-904445,OPCVM,OPCVM
476,Generali Europe Mid-Caps,MP-805008,OPCVM,OPCVM
477,Carmignac Pf Flexible Bond A EUR Acc,MP-210655,OPCVM,OPCVM
478,DPAM L Bonds EUR Quality Sustainable B,MP-301593,OPCVM,OPCVM
479,BNP Paribas Europe Convertible C Cap,MP-303447,OPCVM,OPCVM
480,R-co Opal Equity Europe,MP-805184,OPCVM,OPCVM
481,BNP Paribas Europe Convertiblet C Dis,MP-391034,OPCVM,OPCVM
482,GF Europe Megatrends ISR C,MP-829199,OPCVM,OPCVM
483,AXAWF Euro Strategic Bonds A Cap EUR,MP-999068,OPCVM,OPCVM
484,Federal Indiciel Apal P,MP-806038,OPCVM,OPCVM
485,R-co Conviction Equity Value Euro F EUR,MP-570104,OPCVM,OPCVM
486,MS INVF Euro Corporate Bond A,MP-356833,OPCVM,OPCVM
487,DWS Invest Euro High Yield Corp LC,0P0000WLLB,OPCVM,OPCVM
488,DWS Invest Euro High Yield Corp LD,0P0000WLB3,OPCVM,OPCVM
489,Generali Euro Convertibles ISR C,MP-465878,OPCVM,OPCVM
490,MS INVF NextGen Emerging Markets A,MP-457281,OPCVM,OPCVM
491,abrdnI-Diversified Income A M Inc HEUR,0P00016VT3,OPCVM,OPCVM
492,Fidelity Glb MA Gr & Inc A-EUR,MP-227521,OPCVM,OPCVM
493,MS INVF Asian Property A,MP-306302,OPCVM,OPCVM
494,GF Fid√©lit√© P,MP-806343,OPCVM,OPCVM
495,Echiquier Arty SRI A,MP-291676,OPCVM,OPCVM
496,DWS Invest Top Dividend LC,0P0000P1DL,OPCVM,OPCVM
497,abrdnI-Diversified Income A Acc HEUR,0P0001BEYR,OPCVM,OPCVM
498,LCL Actions Euro Futur C,MP-800611,OPCVM,OPCVM
499,Robeco Emerging Markets Equities D EUR,MP-350024,OPCVM,OPCVM
500,CM-AM High Yield Short Duration RC,0P00013MDM,OPCVM,OPCVM
501,abrdnI-Diversified Growth A Acc EUR,0P000187KC,OPCVM,OPCVM
502,Candriam L Mlt-Asst Inc & Gr C EUR Acc,0P00016GC2,OPCVM,OPCVM
503,Fidelity Sustainable Jpn Eq A-JPY,MP-434117,OPCVM,OPCVM
504,DNCA Invest Convertibles A EUR,MP-483170,OPCVM,OPCVM
505,Tikehau Intl Crs Asts R EUR Acc,0P0001L9PD,OPCVM,OPCVM
506,Candriam Sst Bd Glbl Hi Yld C EUR Acc,0P0001BUIX,OPCVM,OPCVM
507,Allianz Europe Small Cap Equity AT EUR,MP-553308,OPCVM,OPCVM
508,CM-AM Human Care RC,0P000175VV,OPCVM,OPCVM
509,abrdnII- Euro Corporate Bd A Acc EUR,0P00001PAH,OPCVM,OPCVM
510,BNP Paribas Europe Eq N C,0P0000YST9,OPCVM,OPCVM
511,abrdnII- Euro Corp Sus Bd A Acc EUR,0P000158SS,OPCVM,OPCVM
512,Ecofi Avenir Plus,MP-805666,OPCVM,OPCVM
513,Pictet - Nutrition P EUR,MP-521217,OPCVM,OPCVM
514,BNP Paribas Convertibles Europe Classic,MP-800787,OPCVM,OPCVM
515,Groupama Euro Credit NC,MP-540935,OPCVM,OPCVM
516,Comgest Growth Japan EUR R Acc,0P00019C2A,OPCVM,OPCVM
517,abrdnI-Nrth American Sml Comp A Acc USD,0P0000ZNPV,OPCVM,OPCVM
518,R-co Opal Absolu,MP-803544,OPCVM,OPCVM
519,R-co Opal Mod√©r√© C EUR,MP-803552,OPCVM,OPCVM
520,Robeco Emerging Stars Equities D EUR,MP-239066,OPCVM,OPCVM
521,State Street Japan ESG Scrn Idx Eq P JPY,0P00016MO5,OPCVM,OPCVM
522,Lazard Patrimoine Croissance C,MP-829230,OPCVM,OPCVM
523,Lazard Alpha Euro SRI R,MP-540959,OPCVM,OPCVM
524,Richelieu Pragma Europe R,MP-804146,OPCVM,OPCVM
525,DPAM B Bonds Eur B Cap,MP-590427,OPCVM,OPCVM
526,Mirova Obli Euro R ,MP-809874,OPCVM,OPCVM
527,Carmignac Patrimoine A EUR Acc,MP-829413,OPCVM,OPCVM
528,AXA Euro Obligations C,MP-805605,OPCVM,OPCVM
529,Allianz Team Formule 1 RC,0P00000FVO,OPCVM,OPCVM
530,Allianz Team Formule 1 RC,MP-804262,OPCVM,OPCVM
531,LCL Obligations Euro Durables PD,MP-809505,OPCVM,OPCVM
532,DWS Eurorenta,MP-971050,OPCVM,OPCVM
533,BNP Paribas Persp Moyen Terme Classic D,MP-829160,OPCVM,OPCVM
534,Dorval Global Allocation RC,MP-540578,OPCVM,OPCVM
535,Pictet-Emerging Markets P EUR,MP-216941,OPCVM,OPCVM
536,Groupama Avenir Euro NC,MP-999283,OPCVM,OPCVM
537,Allianz Flexi Asia Bond A H2 EUR,0P0000YK0V,OPCVM,OPCVM
538,AXA Euro Obligations D,MP-828911,OPCVM,OPCVM
539,Echiquier Credit SRI Europe A,MP-275726,OPCVM,OPCVM
540,Invesco Euro Corporate Bond E EUR Acc,MP-217615,OPCVM,OPCVM
541,Pictet-Emerging Markets P USD,MP-468288,OPCVM,OPCVM
542,Invesco Euro Equity A EUR Acc,0P00016PEL,OPCVM,OPCVM
543,Lazard Patrimoine Equilibre,MP-804595,OPCVM,OPCVM
544,Nordea 1 - Norwegian Equity BP NOK,MP-302214,OPCVM,OPCVM
545,BNP Paribas Sst Asia ExJpn Eq C Eur D,0P0000YSSZ,OPCVM,OPCVM
546,BNP Paribas Sst Asia ExJpn Eq C Eur C,0P0000YSSY,OPCVM,OPCVM
547,DWS Eurozone Bonds Flexible LD,MP-847403,OPCVM,OPCVM
548,JPM Global Bond Opp Sus A (acc) EUR Hdg,0P0001IUYD,OPCVM,OPCVM
549,Invesco Pan European Equity E EUR Acc,MP-401964,OPCVM,OPCVM
550,Mirova Global Green Bd R/A (EUR),0P0001ANGD,OPCVM,OPCVM
551,Schelcher Convertible ESG P,MP-538101,OPCVM,OPCVM
552,Allianz Actions A√©quitas R C/D,MP-804793,OPCVM,OPCVM
553,BNP Paribas Japan Eq Cl Dis,MP-300159,OPCVM,OPCVM
554,BNP Paribas Japan Eq Classic EUR C,0P0001628D,OPCVM,OPCVM
555,Pictet - EUR Bonds P,MP-468291,OPCVM,OPCVM
556,AXA Euro Cr√©dit C,MP-828866,OPCVM,OPCVM
557,AXA Euro Cr√©dit D,MP-828881,OPCVM,OPCVM
558,DPAM L Bonds Universalis Uncons B,MP-301599,OPCVM,OPCVM
559,Carmignac Patrimoine E EUR Acc,MP-807406,OPCVM,OPCVM
560,Fidelity Europe A,MP-804891,OPCVM,OPCVM
561,HSBC RIF SRI Euro Bond AC,MP-805953,OPCVM,OPCVM
562,HSBC RIF SRI Euro Bond AD,0P0000XO1B,OPCVM,OPCVM
563,Carmignac Pf EM Debt A EUR Acc,0P0001L8LN,OPCVM,OPCVM
564,JPM Em Mkts Small Cap A (acc) perf EUR,MP-948591,OPCVM,OPCVM
565,HSBC Select Moderate A,MP-487921,OPCVM,OPCVM
566,Fidelity Strategic Bond A-Acc-EUR H,0P0000SMD0,OPCVM,OPCVM
567,Allianz Euro High Yield RD,MP-802415,OPCVM,OPCVM
568,BNP Paribas Midcap France ISR Classic D,MP-829696,OPCVM,OPCVM
569,Fidelity Asian Special Sits A-Dis-USD,MP-440485,OPCVM,OPCVM
570,Generali Prudence P,MP-804203,OPCVM,OPCVM
571,Choix Solidaire C,MP-803943,OPCVM,OPCVM
572,Allianz Japan Equity AT EUR,0P00016L5W,OPCVM,OPCVM
573,CM-AM Obli Long Terme RC,MP-801096,OPCVM,OPCVM
574,DWS Invest Short Duration Credit LC,MP-216610,OPCVM,OPCVM
575,Schroder ISF Emerging Asia A Acc EUR,MP-447089,OPCVM,OPCVM
576,abrdnI-Asia Pac Sustainable Eq A Acc USD,MP-400876,OPCVM,OPCVM
577,BNP Paribas Obli Long Terme Classic D,MP-806116,OPCVM,OPCVM
578,BNP Paribas Obli Long Terme Classic C,MP-809514,OPCVM,OPCVM
579,DWS Global Emerging Markets Equities ND,MP-977301,OPCVM,OPCVM
580,Groupama Europe Convertible NC,0P0000ZJKU,OPCVM,OPCVM
581,Echiquier Alpha Major SRI A,0P0001HHSO,OPCVM,OPCVM
582,Ind√©pendance et Expansion France Smll AC,0P00001UFS,OPCVM,OPCVM
583,Allianz Multi Harmonie C,MP-803064,OPCVM,OPCVM
584,R-co Conviction Convert Europe C EUR,0P00000Q4G,OPCVM,OPCVM
585,Invesco Euro Equity E EUR Acc,0P00016PEN,OPCVM,OPCVM
586,BNPP Best S√©lection Actions Euro ISR CC,MP-805458,OPCVM,OPCVM
587,BNPP Best S√©lection Actions Euro ISR CD,MP-829697,OPCVM,OPCVM
588,Schroder ISF Emerging Asia A Acc USD,MP-359115,OPCVM,OPCVM
589,Candriam L Multi-Asset Inc C EUR Acc,0P00012DV9,OPCVM,OPCVM
590,BNP Paribas Euro Bond C D,MP-304996,OPCVM,OPCVM
591,BNP Paribas Euro Bond C C,MP-304995,OPCVM,OPCVM
592,La Fran√ßaise Patrimoine Flexible R,MP-804768,OPCVM,OPCVM
593,Mandarine Valeur R,MP-192236,OPCVM,OPCVM
594,DPAM L Bonds Higher Yield B,MP-391191,OPCVM,OPCVM
595,Pictet-Emerging Local Ccy Dbt HR EUR,MP-408993,OPCVM,OPCVM
596,JPM Emerging Mkts Opps A (acc) USD,MP-581626,OPCVM,OPCVM
597,abrdnI-Euro Government Bond A Acc EUR,0P0001C9K3,OPCVM,OPCVM
598,Generali IS Euro Future Leaders DX,MP-175357,OPCVM,OPCVM
599,LCL Actions Pacifique C,MP-800610,OPCVM,OPCVM
600,abrdnI-Asia Pac Sustainable Eq A Acc EUR,0P0000SCL6,OPCVM,OPCVM
601,Carmignac S√©curit√© AW EUR Acc,MP-801801,OPCVM,OPCVM
602,CM-AM Equilibre Europe C,MP-804903,OPCVM,OPCVM
603,Dorval Manageurs Europe R C,0P0000U4TM,OPCVM,OPCVM
604,CM-AM Equilibre Europe D,MP-802693,OPCVM,OPCVM
605,Schelcher Optimal Income ESG P,0P0000T1U9,OPCVM,OPCVM
606,R-co Conviction Club C EUR,MP-829436,OPCVM,OPCVM
607,R-co Conviction Club D EUR,MP-512874,OPCVM,OPCVM
608,Trusteam Optimum R,MP-805267,OPCVM,OPCVM
609,BNP Paribas Glbl Cnvrt Cl RH EUR D,0P0000YXFA,OPCVM,OPCVM
610,Schroder ISF Japanese Eq A Acc EUR Hdg,MP-217541,OPCVM,OPCVM
611,Candriam Bds Em Dbt Lcl Ccis C USD Cap,0P0000TNXI,OPCVM,OPCVM
612,BNP Paribas Glbl Cnvrt Cl RH EUR C,0P0000YSSS,OPCVM,OPCVM
613,AXA Indice France C,MP-931698,OPCVM,OPCVM
614,AXA Indice France D,MP-828910,OPCVM,OPCVM
615,Centifolia C,MP-805274,OPCVM,OPCVM
616,Lazard Small Caps Euro SRI R,MP-442585,OPCVM,OPCVM
617,Gay-Lussac Microcaps Europe P,0P0001J8W1,OPCVM,OPCVM
618,Comgest Growth Europe Opps EUR R Acc,0P000102GE,OPCVM,OPCVM
619,BNP Paribas Indice France ESG Classic C,MP-800939,OPCVM,OPCVM
620,BNP Paribas Indice France ESG Classic D,MP-802810,OPCVM,OPCVM
621,R-co 4Change Moderate Allocation F EUR,0P0000X0H8,OPCVM,OPCVM
622,LCL Obligations Monde Responsable C,MP-801399,OPCVM,OPCVM
623,Richelieu Family R,0P00012DC3,OPCVM,OPCVM
624,R-co Conviction Club F EUR,MP-512875,OPCVM,OPCVM
625,Candriam Sst Eq Em Mkts C EUR Acc,0P0001A3W9,OPCVM,OPCVM
626,Cogefi Prospective P,MP-803004,OPCVM,OPCVM
627,THEMATICS EUROPE SELECTION R ,MP-809846,OPCVM,OPCVM
628,THEMATICS EUROPE SELECTION R (D),MP-829720,OPCVM,OPCVM
629,DNCA Invest SRI Europe Gr B EUR,0P0000XTFE,OPCVM,OPCVM
630,Mirova Europe Envirtl Eq R/A EUR,0P00011IV8,OPCVM,OPCVM
631,Carmignac Absolute Ret Eur A EUR Acc,MP-802605,OPCVM,OPCVM
632,Allianz Convertible Bond AT EUR,0P0000VAH1,OPCVM,OPCVM
633,Lazard Patrimoine Opport SRI RC EUR,MP-803659,OPCVM,OPCVM
634,Echiquier Patrimoine A,MP-801789,OPCVM,OPCVM
635,CM-AM Obli Long Terme RD,MP-802796,OPCVM,OPCVM
636,Belfius Equities Europe S&M Caps C Cap,MP-590807,OPCVM,OPCVM
637,BNP Paribas Obli Revenus Classic,MP-809895,OPCVM,OPCVM
638,BNP Paribas Euro S/T Corp Bd Opp C C,MP-303522,OPCVM,OPCVM
639,Ostrum SRI EURO Sovereign Bods R EUR,MP-829829,OPCVM,OPCVM
640,BNP Paribas Euro S/T Corp Bd Opp C D,MP-308492,OPCVM,OPCVM
641,Invesco Balanced-Risk Allc E EUR Acc,0P0000L1II,OPCVM,OPCVM
642,CM-AM Obli Moyen Terme RC,MP-829438,OPCVM,OPCVM
643,LMdG Flex Croissance (EUR) R Eur,MP-394821,OPCVM,OPCVM
644,Carmignac Pf Climate Transitn A EUR Acc,MP-503077,OPCVM,OPCVM
645,Cogefi Short Term High Yield P,MP-805838,OPCVM,OPCVM
646,Candriam Bds Total Ret C EUR Cap,MP-223928,OPCVM,OPCVM
647,AXA WF Euro Short Duration Bds A Cap EUR,MP-999065,OPCVM,OPCVM
648,BNP Paribas Local Em Bd Cl Eur C,0P0000YSPI,OPCVM,OPCVM
649,Federal Multi Or et Mati√®res Premi√®res,MP-800283,OPCVM,OPCVM
650,BNY Mellon Asian Opports EUR A Acc,MP-353081,OPCVM,OPCVM
651,AXA Valeurs Ex Eurolande D,MP-804331,OPCVM,OPCVM
652,BNP Paribas Europe Eq C D,0P0000YST7,OPCVM,OPCVM
653,Gay-Lussac Green Impact A,MP-806567,OPCVM,OPCVM
654,AXA Valeurs Ex Eurolande C,MP-804330,OPCVM,OPCVM
655,AXAWF Euro Credit Short Dur A Cap EUR,MP-999062,OPCVM,OPCVM
656,LMdG Flex Court Terme (EUR) R,MP-829268,OPCVM,OPCVM
657,JPM Emerging Markets Equity A (acc) EUR,MP-210346,OPCVM,OPCVM
658,Schroder ISF Asian Opports A Acc USD,MP-357205,OPCVM,OPCVM
659,JPM US Bond A (acc) USD,MP-302703,OPCVM,OPCVM
660,Clartan Patrimoine C,0P000156ZY,OPCVM,OPCVM
661,BNP Paribas Flor√©al 70 Classic C,0P00011W9I,OPCVM,OPCVM
662,JPM Emerging Markets Equity A (acc) USD,MP-200018,OPCVM,OPCVM
663,JPM Emerging Markets Equity A (dist) USD,MP-440381,OPCVM,OPCVM
664,DWS ESG Convertibles LD,MP-847426,OPCVM,OPCVM
665,AXA France Small Cap C,MP-828908,OPCVM,OPCVM
666,AXA France Small Cap D,MP-828909,OPCVM,OPCVM
667,CM-AM Europe Growth RC,MP-802280,OPCVM,OPCVM
668,Dorval Global Conservative RC,0P0001DXTL,OPCVM,OPCVM
669,DNCA Invest Eurose A EUR,MP-420353,OPCVM,OPCVM
670,Ofi Invest ESG Asia EM Ex China R,MP-984105,OPCVM,OPCVM
671,HSBC GIF BRIC Equity M2C,MP-200137,OPCVM,OPCVM
672,Eurose C,MP-804518,OPCVM,OPCVM
673,LCL Actions Emergents C,MP-802891,OPCVM,OPCVM
674,Harris Associates Global Eq R/A EUR,MP-504251,OPCVM,OPCVM
675,BNY Mellon Global Bond EUR H Acc H,MP-12621,OPCVM,OPCVM
676,CM-AM Obli Court Terme RC,MP-809603,OPCVM,OPCVM
677,Tocqueville Small Cap Euro ISR C,MP-801490,OPCVM,OPCVM
678,Echiquier Convexit√© SRI Europe A,MP-815009,OPCVM,OPCVM
679,Tocqueville Small Cap Euro ISR D,MP-801491,OPCVM,OPCVM
680,Candriam Patrimoine Obli-Inter C,0P0000YE8L,OPCVM,OPCVM
681,Invesco Energy Trnstn Fd E (EUR) Acc,MP-703244,OPCVM,OPCVM
682,HSBC GIF RMB Fixed Income ACEUR,0P0000UT9C,OPCVM,OPCVM
683,Candriam Bds Euro Short Term C EUR Cap,MP-304791,OPCVM,OPCVM
684,DWS Invest Convertibles LC,MP-387772,OPCVM,OPCVM
685,Fidelity Strategic Bond A-Acc-USD,0P0000SMCZ,OPCVM,OPCVM
686,Candriam Bds Euro Short Term C EUR Dis,MP-503627,OPCVM,OPCVM
687,Pictet-Emerging Local Ccy Dbt R EUR,MP-931155,OPCVM,OPCVM
688,Pluvalca Allcaps A,MP-803638,OPCVM,OPCVM
689,Ecofi Trajectoires Durables C,MP-806704,OPCVM,OPCVM
690,Amplegest Midcaps AC,MP-957286,OPCVM,OPCVM
691,Generali Investissement D,MP-806095,OPCVM,OPCVM
692,Generali Investissement C,MP-829362,OPCVM,OPCVM
693,HSBC GIF BRIC Markets Equity AC,MP-227300,OPCVM,OPCVM
694,AXAWF Global Infl Bds A Cap EUR,MP-999098,OPCVM,OPCVM
695,HSBC Euro Short Term Bond Fund AC EUR,MP-803517,OPCVM,OPCVM
696,LCL Obligations 12-24 Mois C,MP-809606,OPCVM,OPCVM
697,LCL Obligations 12-24 Mois D,MP-806801,OPCVM,OPCVM
698,BNP Paribas Glb Infl-Lnkd Bd Cl Cap,MP-223630,OPCVM,OPCVM
699,DNCA Opportunites Zone Euro C,0P000155QH,OPCVM,OPCVM
700,LCL Actions France D,MP-809511,OPCVM,OPCVM
701,Schroder ISF Glb InflLnkdBd A Acc EUR,MP-358810,OPCVM,OPCVM
702,JPM Emerging Markets Sus Eq A Acc EUR,0P0001IRJY,OPCVM,OPCVM
703,BNPP Multistrat√©gies Protection 80,MP-829037,OPCVM,OPCVM
704,Pluvalca Small Caps A,MP-803639,OPCVM,OPCVM
705,BNP Paribas Bond 6 M Classic D,MP-828302,OPCVM,OPCVM
706,BNP Paribas Bond 6 M Classic C,MP-829533,OPCVM,OPCVM
707,DWS Invest Top Asia LC,MP-552521,OPCVM,OPCVM
708,Lazard Investissement PEA-PME R,0P00012D6M,OPCVM,OPCVM
709,DPAM B Eqs Sust Food Trends B Cap,MP-420107,OPCVM,OPCVM
710,HSBC GIF BRIC Equity AC,MP-628782,OPCVM,OPCVM
711,HSBC Actions Patrimoine AC,MP-802666,OPCVM,OPCVM
712,HSBC Actions Patrimoine AD,MP-806210,OPCVM,OPCVM
713,Carmignac Pf Emerg Patrim A EUR Acc,0P0000TIYB,OPCVM,OPCVM
714,HSBC Actions France AC,MP-803749,OPCVM,OPCVM
715,HSBC Actions France AD,MP-803513,OPCVM,OPCVM
716,Lazard Patrimoine SRI RC EUR,0P0001572S,OPCVM,OPCVM
717,DWS Invest China Bonds LCH,0P0000TW3T,OPCVM,OPCVM
718,Carmignac Emergents A EUR Acc,MP-802603,OPCVM,OPCVM
719,LMdG Flex Patrimoine (EUR) R Eur,MP-379927,OPCVM,OPCVM
720,AXA PEA R√©gularit√© C,MP-804325,OPCVM,OPCVM
721,AXA PEA R√©gularit√© D,MP-805421,OPCVM,OPCVM
722,AXA Court Terme AC,MP-828894,OPCVM,OPCVM
723,AXA Court Terme AD,MP-828895,OPCVM,OPCVM
724,Generali France Future Leaders C,MP-805185,OPCVM,OPCVM
725,JPM Global Convert (EUR) A (dist) EUR,MP-499444,OPCVM,OPCVM
726,LCL S√©r√©nit√© PEA C,MP-804644,OPCVM,OPCVM
727,Palatine Entreprises Familiales,MP-803917,OPCVM,OPCVM
728,Lazard Convertible Global RC H-EUR,0P0001BF3U,OPCVM,OPCVM
729,Carmignac Court Terme A EUR Acc,MP-800127,OPCVM,OPCVM
730,HSBC GIF Global EM Local Dbt AC,MP-967175,OPCVM,OPCVM
731,R-co Conviction France C,MP-805895,OPCVM,OPCVM
732,Gay-Lussac Heritage A,MP-675809,OPCVM,OPCVM
733,Schroder ISF Asn Bd TR A Acc USD,MP-357221,OPCVM,OPCVM
734,Carmignac Pf Emerg Patrim E EUR Acc,0P0000TIYE,OPCVM,OPCVM
735,Candriam Eqs L Eurp Optm Qual C EUR Cap,MP-984362,OPCVM,OPCVM
736,Ecofi Agir Pour Le Climat C,MP-525560,OPCVM,OPCVM
737,HSBC GIF BRIC Markets Equity AD,MP-227301,OPCVM,OPCVM
738,Fidelity Indonesia A-Dis-USD,MP-440593,OPCVM,OPCVM
739,Tocqueville Materials for the Future P,MP-493326,OPCVM,OPCVM
740,Schroder ISF BIC A Acc EUR,MP-204746,OPCVM,OPCVM
741,Centifolia D,MP-805275,OPCVM,OPCVM
742,Schroder ISF BIC A Acc USD,MP-204741,OPCVM,OPCVM
743,R-co Conviction France FC,0P0000TKNY,OPCVM,OPCVM
744,BNY Mellon Global Bond EUR A Acc,MP-353083,OPCVM,OPCVM
745,abrdnI-Japan Sml Comp Sust Eq S Acc JPY,MP-663456,OPCVM,OPCVM
746,BNP Paribas USD Short Duration Bond Cl C,MP-300180,OPCVM,OPCVM
747,Cogefi Flex Dynamic P,MP-809890,OPCVM,OPCVM
748,HSBC GIF RMB Fixed Income ADEUR,0P0000UT9D,OPCVM,OPCVM
749,Ostrum Euro Inflation R/A EUR,0P00011IUJ,OPCVM,OPCVM
750,Insertion Emplois Dynamique R ,MP-542774,OPCVM,OPCVM
751,Echiquier Value Euro A,0P0000XTRG,OPCVM,OPCVM
752,Magellan C,MP-829227,OPCVM,OPCVM
753,Allianz Euro Inflationlinked Bond AT EUR,0P00014DTY,OPCVM,OPCVM
754,Fidelity Thailand A-Dis-USD,MP-434124,OPCVM,OPCVM
755,Pluvalca Disruptive Opportunities A,0P00017QX8,OPCVM,OPCVM
756,Capital Sant√© PME IV B,0P00019OVO,OPCVM,OPCVM
757,LCL Obligations Inflation Europe C,MP-804857,OPCVM,OPCVM
758,Tocqueville France ISR D,MP-805716,OPCVM,OPCVM
759,Tocqueville France ISR C,MP-805715,OPCVM,OPCVM
760,Lazard Convertible Global RC EUR,MP-634908,OPCVM,OPCVM
761,Palatine Global Assets I,MP-807535,OPCVM,OPCVM
762,Schroder ISF Eurp Smlr Coms A Acc EUR,MP-357210,OPCVM,OPCVM
763,Generali Pacifique P,MP-805010,OPCVM,OPCVM
764,Kirao Multicaps AC,0P00014B56,OPCVM,OPCVM
765,Echiquier World Next Leaders A,0P0000YRTT,OPCVM,OPCVM
766,BNP Paribas Green Tigers Cl EUR Dis,0P0000YT1R,OPCVM,OPCVM
767,BNP Paribas Green Tigers Cl EUR Cap,0P0000YT1Q,OPCVM,OPCVM
768,R-co Opal Emergents C EUR,0P0000YAD1,OPCVM,OPCVM
769,AXA Asie Actions C,MP-802427,OPCVM,OPCVM
770,Lazard Small Caps France R,MP-442578,OPCVM,OPCVM
771,AXA Asie Actions D,MP-802428,OPCVM,OPCVM
772,Clartan Europe C,0P000156ZV,OPCVM,OPCVM
773,Gay-Lussac Europe Flex A,0P0001C2XG,OPCVM,OPCVM
774,Fidelity Sustainable Asia Eq A-Dis-USD,MP-434122,OPCVM,OPCVM
775,R-co Opal Emergents F EUR,MP-807289,OPCVM,OPCVM
776,Palatine France Small Cap I,MP-800357,OPCVM,OPCVM
777,FIP Kallist√© Capital N¬∞10,0P0001D90D,OPCVM,OPCVM
778,FIP Kallist√© Capital N¬∞8,0P0001D90B,OPCVM,OPCVM
779,BNY Mellon Brazil Equity EUR A Acc,MP-990936,OPCVM,OPCVM
780,JPM Korea Equity A (acc) EUR,MP-973301,OPCVM,OPCVM
781,Gay-Lussac Smallcaps A,0P00012QV1,OPCVM,OPCVM
782,R-co Midcap France,MP-801451,OPCVM,OPCVM
783,Kirao Multicaps Alpha C,0P00014B59,OPCVM,OPCVM
784,Cogefi Valeur P,MP-805425,OPCVM,OPCVM
785,Talence Euromidcap AC,0P000147O1,OPCVM,OPCVM
786,JPM Latin America Equity A (dist) USD,MP-433083,OPCVM,OPCVM
787,Talence Optimal AC,MP-678499,OPCVM,OPCVM
788,Invesco Greater China Equity E EUR Acc,MP-401847,OPCVM,OPCVM
789,AXAWF Next Generation A Cap EUR,0P0000XUN1,OPCVM,OPCVM
790,JPM Global Natural Resources A (dist)EUR,MP-210179,OPCVM,OPCVM
791,Amplegest PME AC,0P00011S1H,OPCVM,OPCVM
792,FIP Kallist√© Capital N¬∞7 A,0P00014MW1,OPCVM,OPCVM
793,AXA IM Japan Small Cap Equity B,MP-354731,OPCVM,OPCVM
794,LCL Actions Ressources Naturelles C,MP-800609,OPCVM,OPCVM
795,FIP Kallist√© Capital N¬∞11 A,0P0001KK0Q,OPCVM,OPCVM
796,HSBC GIF Chinese Equity AC,MP-358595,OPCVM,OPCVM
797,Schroder ISF Global Energy A Acc EUR,MP-463501,OPCVM,OPCVM
798,Cogefi Flex Moderate P,MP-804139,OPCVM,OPCVM
799,Schroder ISF Global Energy A Acc USD,MP-218248,OPCVM,OPCVM
800,LMdG Smid Cap (EUR) P,0P0000X9BU,OPCVM,OPCVM
801,HSBC GIF Chinese Equity AD,MP-493738,OPCVM,OPCVM
802,Tocqueville PME R,0P00011GDU,OPCVM,OPCVM
803,Schroder ISF Jpn Smlr Coms A Acc JPY,MP-357204,OPCVM,OPCVM
804,Tocqueville PME P,0P00011GDS,OPCVM,OPCVM
805,FIP Kallist√© Capital N¬∞12 A,0P0001KK12,OPCVM,OPCVM
806,Quadrige France Smallcaps C,0P0000ZEJL,OPCVM,OPCVM
807,FIP Outre-Mer Inter Invest N¬∞2 A,0P0001KOOB,OPCVM,OPCVM
808,Pluvalca Initiatives PME A,0P0000XQ7F,OPCVM,OPCVM
809,HSBC Euro PME AC,MP-804245,OPCVM,OPCVM
810,HSBC Euro PME AD,MP-804246,OPCVM,OPCVM
811,Federal Focus Human P,MP-800281,OPCVM,OPCVM
812,HSBC GIF Brazil Equity AC,MP-999332,OPCVM,OPCVM
813,Schroder ISF Greater China A Acc USD,MP-357392,OPCVM,OPCVM
814,Mandarine Opportunit√©s R,MP-407646,OPCVM,OPCVM
815,Schroder ISF Latin American A Acc EUR,MP-447153,OPCVM,OPCVM
816,JPM Greater China A (dist) USD,MP-356217,OPCVM,OPCVM
817,CG Nouvelle Asie C,MP-800679,OPCVM,OPCVM
818,Schroder ISF Latin American A Acc USD,MP-357218,OPCVM,OPCVM
819,BNP Paribas Valeurs Fran√ßaises ISR Cl C,MP-800178,OPCVM,OPCVM
820,BNP Paribas Valeurs Fran√ßaises ISR Cl D,MP-806115,OPCVM,OPCVM
821,DWS Invest Global Agribusiness LC,MP-234015,OPCVM,OPCVM
822,abrdnI-Future Minerals S Acc HEUR,MP-683960,OPCVM,OPCVM
823,Kirao Smallcaps AC,0P00016FUF,OPCVM,OPCVM
824,Quadrige Multicaps Europe C,0P0001D3S7,OPCVM,OPCVM
825,BNP Paribas Obli CT Classic D,MP-806134,OPCVM,OPCVM
826,DWS Invest Chinese Equities LC,MP-234167,OPCVM,OPCVM
827,HSBC GIF Brazil Equity AD,MP-359336,OPCVM,OPCVM
828,DWS Invest Brazilian Equities LC,0P0000X4TS,OPCVM,OPCVM
829,abrdnI-Future Minerals S Acc USD,MP-682159,OPCVM,OPCVM
830,abrdnI-Latin American Eqty A Acc USD,MP-683947,OPCVM,OPCVM
831,La Fran√ßaise Actions France PME C,MP-801535,OPCVM,OPCVM
832,HSBC Microcaps Euro AC,MP-803524,OPCVM,OPCVM
833,HSBC Microcaps Euro AD,MP-803525,OPCVM,OPCVM
834,abrdnI-Latin American Eqty S Acc USD,MP-682160,OPCVM,OPCVM
835,Ofi Invest ESG Ming R,MP-804160,OPCVM,OPCVM
836,Quadrige Rendement France Midcaps C,0P000153BU,OPCVM,OPCVM
837,Pictet-China Equities P EUR,MP-216952,OPCVM,OPCVM
838,Pictet-China Equities P USD,MP-355297,OPCVM,OPCVM
839,BNP Paribas Brazil Equity C D,MP-231112,OPCVM,OPCVM
840,Quadrige Europe Midcaps C,0P00019O4X,OPCVM,OPCVM
841,Dorval Manageurs Smid Cap Euro RC,0P0001AJ57,OPCVM,OPCVM
842,Belfius Equities China C Dis,MP-212129,OPCVM,OPCVM
843,Talence S√©lection PME AC,0P00011RMN,OPCVM,OPCVM
844,Belfius Equities China C Cap,MP-590733,OPCVM,OPCVM
845,La Fran√ßaise Profil Performance R,MP-805291,OPCVM,OPCVM
846,Dorval Manageurs Small Cap Euro RC,0P00011QYC,OPCVM,OPCVM
847,Opcimmo Opcimmo P,0P0000W2BI,OPCVM,OPCVM
848,Robeco Chinese Equities D EUR,MP-359227,OPCVM,OPCVM
849,BNP Paribas China Eq Cl EUR C,0P0000YSZ3,OPCVM,OPCVM
850,BNP Paribas China Eq Cl EUR Dis,0P0000YSZ4,OPCVM,OPCVM
851,Schroder ISF China Opps A Acc USD,MP-217624,OPCVM,OPCVM
852,JPM China A (dist) USD,MP-440535,OPCVM,OPCVM
853,JPM China D (acc) USD,MP-355860,OPCVM,OPCVM
854,FF - China Consumer A-Acc-EUR,0P0000SI2K,OPCVM,OPCVM
855,Outre-Mer Inter Invest N¬∞1 A,0P0001EOHY,OPCVM,OPCVM
856,abrdnI-China A Share Sust Eq A Acc HEUR,0P0001E1CJ,OPCVM,OPCVM
857,East Capital Eastern Europe A EUR,MP-285922,OPCVM,OPCVM
858,HSBC GIF Russia Equity AC,MP-920778,OPCVM,OPCVM
859,JPM Russia A (dist) USD,MP-204944,OPCVM,OPCVM
860,East Capital Russia A EUR,MP-231227,OPCVM,OPCVM
861,BNP Paribas Energy Transition - C C,0P0000YSXT,OPCVM,OPCVM
862,BNP Paribas Energy Transition C D,0P0000YSXU,OPCVM,OPCVM
863,BNP Paribas Russia Eq C Cap,0P0000YSW6,OPCVM,OPCVM
864,BNP Paribas Russia Eq C Dis,0P0000YSW7,OPCVM,OPCVM
865,DWS Osteuropa,MP-974527,OPCVM,OPCVM
866,DWS Russia LC EUR Acc,MP-939855,OPCVM,OPCVM
867,JPM Emerging Europe Equity A (dist) USD,0P0001ESIT,OPCVM,OPCVM
868,JPM Emerging Europe Equity A (dist) EUR,MP-440536,OPCVM,OPCVM
869,Carmignac Credit 2029 A Eur Acc,0P0001RSZC,OPCVM,OPCVM
